customer_id,login_timestamp,device,ip_country
068b54d7-7461-4d1c-885e-f5b43efed384,2026-07-22 21:08:37,Chrome/Windows,US
068b54d7-7461-4d1c-885e-f5b43efed384,2026-06-04 06:26:37,Firefox/Linux,US
5d1e924a-5232-4255-8df9-610e13465816,2026-08-07 07:22:37,Safari/iOS,US
c07c0a8a-bac0-47f9-b93d-57d61490a610,2026-07-30 16:22:37,Chrome/Windows,BR
67855f87-2552-4273-9aff-1b2060638673,2026-05-22 13:12:37,Chrome/Windows,BR
14315c24-aa38-40f9-8eaa-bf5f242107d9,2026-08-05 02:47:37,Firefox/Linux,UK
14315c24-aa38-40f9-8eaa-bf5f242107d9,2026-07-04 20:40:37,Firefox/Linux,US
14315c24-aa38-40f9-8eaa-bf5f242107d9,2026-05-30 00:14:37,Safari/Mac,US
592b837b-6df9-4267-8009-b8a7d1c63e01,2026-06-25 06:14:37,Chrome/Windows,BR
013b83f4-0c40-4a53-85f2-e2c165cac055,2026-06-08 12:15:37,Safari/iOS,DE
7ac4c7f9-94a3-454b-afe5-0f5399679504,2026-05-28 19:26:37,Chrome/Android,UK
7ac4c7f9-94a3-454b-afe5-0f5399679504,2026-07-18 11:00:37,Safari/Mac,US
7ac4c7f9-94a3-454b-afe5-0f5399679504,2026-05-30 00:16:37,Safari/iOS,DE
fda5e6a2-9c88-4f0f-8f33-242b89edc6cb,2026-07-05 14:45:37,Chrome/Windows,BR
fda5e6a2-9c88-4f0f-8f33-242b89edc6cb,2026-06-19 04:01:37,Chrome/Android,UK
fda5e6a2-9c88-4f0f-8f33-242b89edc6cb,2026-06-09 20:47:37,Chrome/Windows,BR
a37b8137-7b88-4273-b2ed-b9993192e791,2026-06-28 11:27:37,Firefox/Linux,IN
a37b8137-7b88-4273-b2ed-b9993192e791,2026-05-28 19:45:37,Chrome/Windows,DE
037ca95f-820c-4fdb-83a1-f491edd89c08,2026-05-13 12:45:37,Chrome/Windows,CA
037ca95f-820c-4fdb-83a1-f491edd89c08,2026-05-14 00:08:37,Firefox/Linux,CA
037ca95f-820c-4fdb-83a1-f491edd89c08,2026-06-15 00:04:37,Safari/iOS,CA
0825a209-a5eb-4a14-a463-3b942d2b593a,2026-08-08 19:27:37,Safari/Mac,BR
0825a209-a5eb-4a14-a463-3b942d2b593a,2026-07-27 18:46:37,Safari/Mac,DE
a974822d-cc71-48a4-b411-8127968af6f1,2026-07-10 21:24:37,Safari/iOS,US
4ac39e71-cab2-49d9-8b47-f57122404832,2026-06-14 21:14:37,Chrome/Android,UK
be0fff09-d876-4715-918d-6b6508f652eb,2026-06-02 01:04:37,Safari/iOS,DE
be0fff09-d876-4715-918d-6b6508f652eb,2026-05-15 21:35:37,Safari/Mac,US
be0fff09-d876-4715-918d-6b6508f652eb,2026-07-20 05:35:37,Safari/Mac,US
bd7ab3f0-bffa-430c-ac66-9f2117926e9e,2026-05-28 04:33:37,Chrome/Android,US
bd7ab3f0-bffa-430c-ac66-9f2117926e9e,2026-07-23 20:15:37,Chrome/Android,BR
bd7ab3f0-bffa-430c-ac66-9f2117926e9e,2026-05-30 23:41:37,Firefox/Linux,BR
0535cffd-9b93-4556-bf6e-b70464a1628d,2026-05-15 16:24:37,Safari/iOS,IN
0535cffd-9b93-4556-bf6e-b70464a1628d,2026-06-22 06:19:37,Safari/iOS,US
0535cffd-9b93-4556-bf6e-b70464a1628d,2026-07-18 07:36:37,Safari/iOS,UK
95d0a1a4-1c40-415e-b41d-cb1be763f447,2026-05-27 08:43:37,Chrome/Windows,BR
95d0a1a4-1c40-415e-b41d-cb1be763f447,2026-07-22 16:43:37,Chrome/Android,BR
46739327-a118-4564-80fc-16ba39a18129,2026-05-24 21:40:37,Chrome/Android,DE
41c3619a-656f-4349-9db4-04a990eaa15e,2026-06-12 06:42:37,Safari/iOS,IN
41c3619a-656f-4349-9db4-04a990eaa15e,2026-06-10 18:30:37,Chrome/Windows,UK
dbf0c0e2-c5d1-411a-bbb2-f7944332f64d,2026-07-08 17:56:37,Safari/Mac,BR
dbf0c0e2-c5d1-411a-bbb2-f7944332f64d,2026-08-09 03:16:37,Chrome/Android,UK
64eb9d06-c46f-41e7-ba93-2cce0b1726b6,2026-05-21 07:05:37,Chrome/Android,BR
64eb9d06-c46f-41e7-ba93-2cce0b1726b6,2026-06-26 04:27:37,Safari/Mac,BR
9477c74b-fc76-42b8-b9af-7f66f0dd64b2,2026-05-22 02:10:37,Safari/Mac,UK
9477c74b-fc76-42b8-b9af-7f66f0dd64b2,2026-06-20 09:58:37,Safari/Mac,UK
fcb57156-0ce1-4205-8a90-edabdf0ad96e,2026-06-26 10:48:37,Chrome/Windows,DE
fcb57156-0ce1-4205-8a90-edabdf0ad96e,2026-06-12 01:37:37,Firefox/Linux,DE
fcb57156-0ce1-4205-8a90-edabdf0ad96e,2026-06-14 10:27:37,Chrome/Android,US
daf2d5c7-3576-45e8-8304-28ac337d2fd5,2026-07-29 02:19:37,Safari/Mac,DE
f9961985-6563-49ac-8fc5-ba6092d7f149,2026-06-10 13:52:37,Firefox/Linux,US
be2af142-ce1a-461b-955b-61be6a842be7,2026-05-19 21:58:37,Chrome/Windows,CA
be2af142-ce1a-461b-955b-61be6a842be7,2026-07-26 20:59:37,Safari/Mac,IN
be2af142-ce1a-461b-955b-61be6a842be7,2026-07-19 19:59:37,Chrome/Android,US
dd414b92-77a9-4ba7-a5b8-6b805733b6d4,2026-06-12 21:02:37,Chrome/Windows,CA
dd414b92-77a9-4ba7-a5b8-6b805733b6d4,2026-07-22 04:41:37,Chrome/Windows,UK
dd414b92-77a9-4ba7-a5b8-6b805733b6d4,2026-05-27 18:58:37,Safari/Mac,BR
48ec32bc-1afa-485c-aa67-2d5da7703402,2026-05-18 22:40:37,Firefox/Linux,BR
48ec32bc-1afa-485c-aa67-2d5da7703402,2026-07-26 09:49:37,Chrome/Windows,BR
48ec32bc-1afa-485c-aa67-2d5da7703402,2026-07-24 19:54:37,Safari/Mac,UK
f94f0ba4-f238-4394-b918-cc72ec9f70bc,2026-07-15 00:17:37,Safari/Mac,BR
f94f0ba4-f238-4394-b918-cc72ec9f70bc,2026-07-01 01:15:37,Safari/iOS,UK
2a4101c1-20b2-499b-8a31-bc86192f0767,2026-06-13 12:12:37,Firefox/Linux,IN
2a4101c1-20b2-499b-8a31-bc86192f0767,2026-06-08 05:15:37,Safari/Mac,BR
0fa0b474-6adb-4723-8acc-899fbd69e615,2026-07-18 14:49:37,Safari/Mac,UK
0fa0b474-6adb-4723-8acc-899fbd69e615,2026-07-23 18:10:37,Chrome/Windows,BR
0fa0b474-6adb-4723-8acc-899fbd69e615,2026-08-03 23:06:37,Firefox/Linux,BR
caef9733-6f7f-4503-9660-8c35495f765c,2026-07-28 16:46:37,Safari/Mac,UK
caef9733-6f7f-4503-9660-8c35495f765c,2026-07-07 08:00:37,Chrome/Windows,BR
caef9733-6f7f-4503-9660-8c35495f765c,2026-06-14 16:48:37,Chrome/Windows,IN
9072261a-644c-4b21-9b65-d74971291e88,2026-05-24 17:11:37,Firefox/Linux,UK
9072261a-644c-4b21-9b65-d74971291e88,2026-05-15 01:21:37,Firefox/Linux,BR
8dcff16d-9d50-4ba5-a7e1-3cfb997f089f,2026-06-08 02:05:37,Firefox/Linux,DE
8dcff16d-9d50-4ba5-a7e1-3cfb997f089f,2026-06-01 02:56:37,Safari/iOS,UK
8dcff16d-9d50-4ba5-a7e1-3cfb997f089f,2026-06-19 06:24:37,Safari/iOS,DE
7dc0c175-44a1-44c5-bebe-d28d3c2b4aca,2026-06-18 07:36:37,Chrome/Android,US
4dda9424-bed7-4762-a510-6ac32dc692f3,2026-05-20 12:26:37,Safari/Mac,DE
18680669-ddb4-47ef-9151-a24ec993f075,2026-06-13 02:02:37,Chrome/Windows,IN
0b27d8e2-ee30-40f0-8752-251df023674e,2026-07-21 11:56:37,Safari/Mac,UK
0b27d8e2-ee30-40f0-8752-251df023674e,2026-05-12 20:17:37,Safari/iOS,DE
0b27d8e2-ee30-40f0-8752-251df023674e,2026-06-19 03:27:37,Chrome/Android,US
121c3215-7ba2-4984-90ae-7eec5fc9c6ca,2026-08-08 23:14:37,Safari/iOS,IN
121c3215-7ba2-4984-90ae-7eec5fc9c6ca,2026-05-13 09:25:37,Chrome/Android,BR
c6a10a5d-eb98-4cf5-bbee-344d85e75500,2026-06-07 07:42:37,Safari/Mac,US
c6a10a5d-eb98-4cf5-bbee-344d85e75500,2026-08-01 01:32:37,Chrome/Windows,UK
42c1999c-562f-4287-aa3f-2c4b7bc2616e,2026-07-25 19:55:37,Chrome/Android,IN
42c1999c-562f-4287-aa3f-2c4b7bc2616e,2026-07-22 15:51:37,Firefox/Linux,BR
e8f8e13b-0df2-426b-ae14-85a0f22503eb,2026-05-13 23:44:37,Chrome/Android,US
e8f8e13b-0df2-426b-ae14-85a0f22503eb,2026-05-15 04:22:37,Chrome/Windows,DE
e8f8e13b-0df2-426b-ae14-85a0f22503eb,2026-08-08 13:44:37,Chrome/Android,US
e50536fe-971f-4140-a68a-679bd25fde32,2026-08-03 00:54:37,Chrome/Windows,IN
59484897-fdc8-44c0-a6ee-020ffb371306,2026-06-01 19:50:37,Chrome/Android,BR
59484897-fdc8-44c0-a6ee-020ffb371306,2026-07-26 08:16:37,Safari/Mac,US
b5783987-2cb1-4508-b836-b346df6fff76,2026-07-09 08:38:37,Safari/Mac,DE
16dcfca0-b78e-4fcc-b2b0-80fafc998620,2026-06-05 03:31:37,Safari/iOS,BR
16dcfca0-b78e-4fcc-b2b0-80fafc998620,2026-05-17 04:32:37,Chrome/Android,US
d6616808-7a72-4f5c-8d16-274ef16368e2,2026-08-07 09:48:37,Firefox/Linux,BR
d6616808-7a72-4f5c-8d16-274ef16368e2,2026-07-17 17:19:37,Safari/Mac,IN
d79d9751-cff8-4201-b5e6-7883566fd3ee,2026-05-18 18:15:37,Safari/iOS,BR
d79d9751-cff8-4201-b5e6-7883566fd3ee,2026-07-02 11:36:37,Safari/Mac,DE
d79d9751-cff8-4201-b5e6-7883566fd3ee,2026-07-16 11:03:37,Safari/Mac,IN
31943c00-6222-475b-b8e5-f73b716ac78b,2026-08-05 05:49:37,Chrome/Windows,CA
31943c00-6222-475b-b8e5-f73b716ac78b,2026-07-09 20:39:37,Chrome/Windows,US
f1c180b9-6c66-416f-9809-f6cc0ddac29c,2026-06-07 12:31:37,Firefox/Linux,UK
f1c180b9-6c66-416f-9809-f6cc0ddac29c,2026-05-15 00:47:37,Safari/iOS,UK
f1c180b9-6c66-416f-9809-f6cc0ddac29c,2026-07-22 01:21:37,Chrome/Windows,DE
de1c52c7-2bf7-412d-8e6d-a14ec99cb15a,2026-06-29 16:29:37,Safari/Mac,US
de1c52c7-2bf7-412d-8e6d-a14ec99cb15a,2026-07-03 03:27:37,Safari/Mac,US
42df406b-5018-4643-8da1-96237a0014c0,2026-06-24 07:19:37,Chrome/Android,BR
42df406b-5018-4643-8da1-96237a0014c0,2026-05-20 03:34:37,Firefox/Linux,US
17d10c92-8ca7-45d3-9645-6164b087b857,2026-07-31 05:24:37,Firefox/Linux,US
17d10c92-8ca7-45d3-9645-6164b087b857,2026-06-22 09:30:37,Chrome/Android,CA
dfe79a11-1f47-4fdd-ada4-30baa3650d6d,2026-07-31 15:16:37,Safari/Mac,CA
a1974816-6b40-4638-8bea-78a554f15522,2026-06-30 10:18:37,Safari/Mac,DE
a1974816-6b40-4638-8bea-78a554f15522,2026-05-23 13:40:37,Chrome/Windows,CA
a1974816-6b40-4638-8bea-78a554f15522,2026-06-06 13:22:37,Firefox/Linux,UK
d0cf61f5-b66a-4dc1-91fe-5659ab632c05,2026-08-01 09:47:37,Safari/Mac,CA
e13cd79e-4a38-43df-8feb-c6fd37395555,2026-07-28 20:56:37,Safari/iOS,BR
e13cd79e-4a38-43df-8feb-c6fd37395555,2026-08-04 13:48:37,Firefox/Linux,CA
1a587a8b-7c97-46f1-a686-98e8100a0e57,2026-06-10 01:49:37,Safari/iOS,US
c5ebcc1c-8e44-4de7-9279-411c086cb099,2026-07-10 06:55:37,Chrome/Android,UK
c5ebcc1c-8e44-4de7-9279-411c086cb099,2026-07-16 02:02:37,Safari/iOS,IN
c5ebcc1c-8e44-4de7-9279-411c086cb099,2026-06-24 07:19:37,Chrome/Android,US
7297e1af-1323-4611-a023-3a004778f01d,2026-08-01 14:40:37,Chrome/Android,DE
c59fafcf-609a-4fdc-8568-85371412048d,2026-05-23 15:41:37,Chrome/Windows,IN
c59fafcf-609a-4fdc-8568-85371412048d,2026-08-03 18:32:37,Chrome/Windows,CA
7f32dff9-a7ed-43f4-9c6d-1af86b6bdf17,2026-05-16 18:31:37,Firefox/Linux,DE
fe2c857c-6537-4b90-aa2b-d17d61757993,2026-06-12 19:00:37,Chrome/Windows,BR
fe2c857c-6537-4b90-aa2b-d17d61757993,2026-07-17 00:44:37,Safari/iOS,US
fe2c857c-6537-4b90-aa2b-d17d61757993,2026-07-04 19:45:37,Firefox/Linux,IN
efee253f-8fa9-4b80-8599-6d0e36995175,2026-06-23 02:51:37,Safari/Mac,US
efee253f-8fa9-4b80-8599-6d0e36995175,2026-05-29 07:40:37,Firefox/Linux,DE
db1cc72c-6040-43bb-91c7-c5cee0103a56,2026-07-25 13:57:37,Firefox/Linux,DE
db1cc72c-6040-43bb-91c7-c5cee0103a56,2026-07-27 11:26:37,Safari/Mac,IN
085f267c-5aec-47f4-bdc8-a54f576c9e11,2026-06-22 09:39:37,Chrome/Windows,IN
085f267c-5aec-47f4-bdc8-a54f576c9e11,2026-05-15 19:24:37,Chrome/Android,CA
085f267c-5aec-47f4-bdc8-a54f576c9e11,2026-07-23 20:27:37,Safari/iOS,DE
e49c9672-c4d2-4391-9e7c-8a54df1a2111,2026-08-10 23:01:37,Chrome/Android,IN
e49c9672-c4d2-4391-9e7c-8a54df1a2111,2026-07-27 03:04:37,Chrome/Windows,CA
a8289053-ddea-48c9-bdbc-cc3404ecc4ad,2026-07-09 22:45:37,Safari/iOS,IN
a8289053-ddea-48c9-bdbc-cc3404ecc4ad,2026-05-28 07:26:37,Safari/iOS,DE
8c492ebc-9ae4-4584-9dd5-55b727721446,2026-07-29 07:56:37,Chrome/Android,CA
8c492ebc-9ae4-4584-9dd5-55b727721446,2026-07-23 02:32:37,Safari/iOS,BR
ea412d7c-ef49-4da8-b79b-2e8b8089d6f5,2026-07-17 21:59:37,Safari/iOS,US
ea412d7c-ef49-4da8-b79b-2e8b8089d6f5,2026-05-22 20:51:37,Firefox/Linux,BR
80bf349a-fddb-4d6d-a72a-50f62294a2b9,2026-08-01 07:50:37,Safari/iOS,IN
cb555db3-d9b2-4e3a-884f-a04528d68b39,2026-05-21 00:18:37,Chrome/Windows,BR
539b7a50-b826-45f3-b1ba-2d2c87145839,2026-07-20 18:23:37,Chrome/Android,DE
96962aac-209b-4579-a33f-e99dfcaf7c1a,2026-07-09 10:02:37,Chrome/Android,IN
96962aac-209b-4579-a33f-e99dfcaf7c1a,2026-05-20 02:30:37,Safari/iOS,BR
08ec70b7-b329-4db8-aa16-d1b3736a4d4f,2026-07-27 04:08:37,Safari/Mac,US
08ec70b7-b329-4db8-aa16-d1b3736a4d4f,2026-07-15 16:52:37,Safari/iOS,BR
08ec70b7-b329-4db8-aa16-d1b3736a4d4f,2026-07-13 18:51:37,Chrome/Android,IN
5bd76019-bd81-439c-a3f1-e655874f91b3,2026-07-24 16:37:37,Safari/Mac,US
5bd76019-bd81-439c-a3f1-e655874f91b3,2026-07-19 23:14:37,Chrome/Windows,DE
5bd76019-bd81-439c-a3f1-e655874f91b3,2026-07-11 22:33:37,Firefox/Linux,UK
473aa375-9d3a-4b52-b512-6070c6dbfe69,2026-06-22 20:02:37,Firefox/Linux,UK
473aa375-9d3a-4b52-b512-6070c6dbfe69,2026-06-24 01:28:37,Chrome/Windows,IN
473aa375-9d3a-4b52-b512-6070c6dbfe69,2026-07-06 15:26:37,Safari/Mac,CA
8f321092-cb86-4a84-bee2-a5343b536e13,2026-07-31 00:52:37,Safari/Mac,IN
98221bc5-307f-424f-9d94-e3b6b02d2d05,2026-05-20 19:22:37,Chrome/Android,US
98221bc5-307f-424f-9d94-e3b6b02d2d05,2026-07-26 08:22:37,Safari/iOS,BR
98221bc5-307f-424f-9d94-e3b6b02d2d05,2026-06-10 09:45:37,Safari/iOS,BR
69e54cab-6f52-45f4-a802-7d0e7296b713,2026-06-15 01:59:37,Chrome/Windows,UK
69e54cab-6f52-45f4-a802-7d0e7296b713,2026-07-23 05:16:37,Chrome/Windows,CA
69e54cab-6f52-45f4-a802-7d0e7296b713,2026-05-13 12:55:37,Safari/iOS,US
615bf6c9-1290-4266-9221-2671e5c8b8f9,2026-07-12 14:51:37,Chrome/Windows,CA
27bca0d5-7bcc-4fe5-bf93-c955241c6816,2026-07-25 13:33:37,Firefox/Linux,CA
27bca0d5-7bcc-4fe5-bf93-c955241c6816,2026-06-16 11:01:37,Chrome/Windows,US
58d7c51e-ce39-4383-8abb-9d778aacc71a,2026-06-04 15:37:37,Safari/iOS,DE
58d7c51e-ce39-4383-8abb-9d778aacc71a,2026-07-13 14:49:37,Chrome/Windows,BR
703e8cb1-b47a-444c-bcba-ff1dfdbff520,2026-06-14 01:29:37,Safari/Mac,IN
703e8cb1-b47a-444c-bcba-ff1dfdbff520,2026-06-05 02:14:37,Safari/Mac,US
3526f839-9868-470c-ae9b-51b3d474061d,2026-05-12 13:30:37,Chrome/Windows,US
3526f839-9868-470c-ae9b-51b3d474061d,2026-07-17 17:53:37,Safari/iOS,US
3526f839-9868-470c-ae9b-51b3d474061d,2026-07-10 02:07:37,Safari/iOS,DE
60983901-ce29-49f4-8e78-0a4696176dd0,2026-06-09 08:05:37,Chrome/Android,CA
91a5c6b0-8da6-4d98-9a42-ab595e99ca31,2026-06-25 12:24:37,Safari/Mac,US
91a5c6b0-8da6-4d98-9a42-ab595e99ca31,2026-07-04 09:55:37,Firefox/Linux,US
91a5c6b0-8da6-4d98-9a42-ab595e99ca31,2026-07-15 18:37:37,Chrome/Android,UK
135d8981-3395-448e-8dd0-39f625467fee,2026-06-13 02:33:37,Chrome/Android,US
53fefe35-4515-4a8f-b0ec-f1b7bd66b58a,2026-05-25 03:52:37,Safari/Mac,IN
53fefe35-4515-4a8f-b0ec-f1b7bd66b58a,2026-06-18 12:46:37,Firefox/Linux,UK
53fefe35-4515-4a8f-b0ec-f1b7bd66b58a,2026-06-22 08:36:37,Chrome/Windows,BR
5008f124-cd85-418d-a649-4170dc2bd022,2026-06-19 08:04:37,Chrome/Windows,UK
ff7a9a15-73f2-48b4-9ecb-b27bf8d4d79a,2026-06-14 10:53:37,Chrome/Android,CA
ff7a9a15-73f2-48b4-9ecb-b27bf8d4d79a,2026-07-28 06:50:37,Safari/Mac,DE
ff7a9a15-73f2-48b4-9ecb-b27bf8d4d79a,2026-07-18 04:08:37,Firefox/Linux,CA
91a68053-0621-48f1-a8d8-d476a73915f5,2026-08-07 00:07:37,Safari/iOS,DE
91a68053-0621-48f1-a8d8-d476a73915f5,2026-06-29 19:39:37,Chrome/Windows,US
91a68053-0621-48f1-a8d8-d476a73915f5,2026-08-01 01:44:37,Chrome/Android,IN
0b9b5227-b604-43a1-8db7-479f8eb6704e,2026-06-23 22:00:37,Chrome/Android,IN
cfd07111-4eb2-4740-8f59-8c133b09080f,2026-07-16 22:15:37,Safari/iOS,UK
cfd07111-4eb2-4740-8f59-8c133b09080f,2026-06-30 22:02:37,Safari/iOS,US
cfd07111-4eb2-4740-8f59-8c133b09080f,2026-05-22 20:34:37,Safari/iOS,US
7cca8ae0-53c9-410c-b1b9-c0dec6ca92b1,2026-08-06 19:45:37,Chrome/Windows,DE
7cca8ae0-53c9-410c-b1b9-c0dec6ca92b1,2026-07-17 10:45:37,Firefox/Linux,DE
7cca8ae0-53c9-410c-b1b9-c0dec6ca92b1,2026-06-26 01:28:37,Firefox/Linux,US
875ba1c3-11a9-40c3-93d9-d87d50d35650,2026-05-14 22:50:37,Chrome/Android,DE
875ba1c3-11a9-40c3-93d9-d87d50d35650,2026-08-10 10:01:37,Firefox/Linux,CA
7f78655b-db3c-449b-8051-633d1a3b1326,2026-07-28 18:04:37,Safari/iOS,IN
9c022bb1-f506-445f-b465-289ff95b0b04,2026-06-16 18:41:37,Safari/iOS,UK
9c022bb1-f506-445f-b465-289ff95b0b04,2026-08-09 10:30:37,Safari/Mac,BR
c9cfed25-fbcd-407c-be1f-e2807b39b8eb,2026-06-30 23:20:37,Chrome/Android,BR
86597ebe-ceb6-410a-8e40-32f2d19dbc5c,2026-06-22 04:34:37,Safari/iOS,US
17e44e32-d680-43df-a315-56a62f5a5427,2026-06-01 16:29:37,Safari/Mac,IN
17e44e32-d680-43df-a315-56a62f5a5427,2026-07-29 07:33:37,Firefox/Linux,US
17e44e32-d680-43df-a315-56a62f5a5427,2026-07-16 06:23:37,Safari/iOS,CA
bb7b8799-c20b-4adc-bbe3-1629da49beff,2026-07-20 02:41:37,Safari/iOS,IN
bb7b8799-c20b-4adc-bbe3-1629da49beff,2026-05-23 12:34:37,Firefox/Linux,CA
bb7b8799-c20b-4adc-bbe3-1629da49beff,2026-07-27 00:31:37,Chrome/Android,BR
72c19964-af42-4b50-9861-ee9c6a6a9dd4,2026-06-25 01:02:37,Chrome/Android,UK
72c19964-af42-4b50-9861-ee9c6a6a9dd4,2026-06-16 02:38:37,Safari/Mac,UK
36c5678e-3c45-43f8-972b-722d65afd899,2026-07-05 15:37:37,Chrome/Android,US
dc7929cc-2b6a-4df0-8d47-93f9fa8c3bdb,2026-07-10 02:17:37,Firefox/Linux,UK
dc7929cc-2b6a-4df0-8d47-93f9fa8c3bdb,2026-05-20 06:08:37,Safari/iOS,US
dc7929cc-2b6a-4df0-8d47-93f9fa8c3bdb,2026-07-29 09:19:37,Safari/Mac,IN
26730da4-ea57-44d0-9e7c-79f01d310151,2026-08-06 00:35:37,Chrome/Windows,US
26730da4-ea57-44d0-9e7c-79f01d310151,2026-07-17 13:57:37,Firefox/Linux,UK
53de08f4-a3d4-4d29-a10e-e067e61f9bba,2026-06-07 04:21:37,Firefox/Linux,DE
53de08f4-a3d4-4d29-a10e-e067e61f9bba,2026-05-18 09:43:37,Firefox/Linux,CA
313a1c9f-4350-4dab-ac84-533dee477503,2026-07-15 08:26:37,Chrome/Android,UK
313a1c9f-4350-4dab-ac84-533dee477503,2026-08-06 03:33:37,Chrome/Windows,BR
f918ebe8-67d7-4789-b78a-aa636c06bfc3,2026-08-09 23:23:37,Chrome/Android,UK
211d3459-3e07-49db-87e5-ab7a448182e0,2026-08-02 03:47:37,Safari/iOS,BR
211d3459-3e07-49db-87e5-ab7a448182e0,2026-06-11 07:23:37,Chrome/Windows,IN
19875afd-006a-4450-863a-59f33c10a2c3,2026-05-21 16:44:37,Safari/Mac,IN
33cce1ba-ecf0-4359-ac07-b54e9eecae6e,2026-06-20 00:07:37,Chrome/Android,IN
33cce1ba-ecf0-4359-ac07-b54e9eecae6e,2026-08-05 00:02:37,Firefox/Linux,DE
d0338ae2-1ff0-4220-a852-ed3380546cf3,2026-06-19 08:54:37,Chrome/Android,CA
d0338ae2-1ff0-4220-a852-ed3380546cf3,2026-07-16 21:03:37,Safari/iOS,UK
d0338ae2-1ff0-4220-a852-ed3380546cf3,2026-08-10 19:52:37,Safari/Mac,IN
a50b9974-8468-472d-b526-b64f2a9a0e0c,2026-05-29 22:20:37,Safari/Mac,UK
a50b9974-8468-472d-b526-b64f2a9a0e0c,2026-08-10 08:14:37,Safari/Mac,CA
a50b9974-8468-472d-b526-b64f2a9a0e0c,2026-06-22 07:13:37,Firefox/Linux,DE
010492b3-561f-42e6-863c-40523d750ff8,2026-07-23 22:31:37,Safari/Mac,BR
fbd64070-8df0-48ce-bdad-4b8496dd8cd7,2026-08-03 06:25:37,Safari/iOS,UK
91534361-0492-4f05-b189-acb52d0270b6,2026-07-26 07:51:37,Safari/iOS,DE
91534361-0492-4f05-b189-acb52d0270b6,2026-08-04 13:50:37,Safari/iOS,US
bdb4942a-d3a4-4f3c-a0ce-584ba56cb2e4,2026-05-22 02:10:37,Safari/iOS,BR
850cc9fe-84bc-42e4-bcd8-39ecc9451df0,2026-06-12 04:13:37,Safari/Mac,US
e54405e8-2273-4aa3-a3a0-76ae8b87acd3,2026-06-06 04:25:37,Chrome/Android,US
e54405e8-2273-4aa3-a3a0-76ae8b87acd3,2026-07-23 02:03:37,Safari/Mac,US
e54405e8-2273-4aa3-a3a0-76ae8b87acd3,2026-05-31 12:47:37,Chrome/Android,US
02289e0c-0c3b-4fb5-96f0-4342cdfdd468,2026-05-26 19:14:37,Chrome/Android,CA
02289e0c-0c3b-4fb5-96f0-4342cdfdd468,2026-06-19 00:12:37,Safari/Mac,IN
02289e0c-0c3b-4fb5-96f0-4342cdfdd468,2026-06-22 12:26:37,Safari/iOS,BR
83c4a0f7-8c63-4423-b9a3-96ba79228e41,2026-07-20 09:49:37,Firefox/Linux,IN
83c4a0f7-8c63-4423-b9a3-96ba79228e41,2026-06-13 02:21:37,Firefox/Linux,IN
83c4a0f7-8c63-4423-b9a3-96ba79228e41,2026-07-19 18:24:37,Chrome/Windows,US
4a09500b-e74b-498c-b3e9-f4121aad6276,2026-06-26 20:26:37,Chrome/Windows,IN
5b68946d-4891-4dbe-b02e-edffd5f8a911,2026-07-31 10:29:37,Firefox/Linux,US
fb23c75a-9a6a-420f-800c-048de923ca0f,2026-05-20 05:48:37,Chrome/Windows,BR
fb23c75a-9a6a-420f-800c-048de923ca0f,2026-05-15 06:37:37,Safari/Mac,IN
fb23c75a-9a6a-420f-800c-048de923ca0f,2026-07-06 04:06:37,Safari/Mac,US
052927fe-e69b-49e9-8ad4-7ee349444c0d,2026-05-25 01:39:37,Chrome/Android,BR
052927fe-e69b-49e9-8ad4-7ee349444c0d,2026-07-06 19:40:37,Chrome/Android,BR
bff7488c-0696-4075-95d7-540a0fa37145,2026-07-15 15:33:37,Firefox/Linux,BR
bff7488c-0696-4075-95d7-540a0fa37145,2026-07-11 23:26:37,Chrome/Windows,UK
bff7488c-0696-4075-95d7-540a0fa37145,2026-07-18 21:39:37,Chrome/Android,CA
820054d9-3750-4844-b63e-eccec0e6218c,2026-06-24 03:59:37,Chrome/Android,US
820054d9-3750-4844-b63e-eccec0e6218c,2026-06-05 08:09:37,Chrome/Android,IN
78ba00dd-6803-467e-a0a3-682f4aa69621,2026-06-03 12:55:37,Safari/iOS,CA
78ba00dd-6803-467e-a0a3-682f4aa69621,2026-06-25 01:25:37,Chrome/Android,BR
44f3f0db-f0ac-49f2-b3f0-1dc928513bd9,2026-06-25 23:01:37,Chrome/Windows,IN
f410650a-8634-458a-bfdd-c4a3f1275c88,2026-07-19 14:02:37,Chrome/Windows,DE
2c25ac06-317b-47f3-8149-024857ff9e87,2026-07-02 12:54:37,Firefox/Linux,CA
2c25ac06-317b-47f3-8149-024857ff9e87,2026-07-01 10:49:37,Chrome/Windows,UK
2aeb78ea-16f0-4636-9e9e-99a01bd7a560,2026-07-04 14:09:37,Safari/iOS,IN
3d00d11f-5cd9-49df-a7c8-b6f8b4fdb6e9,2026-08-05 05:18:37,Safari/Mac,BR
3d00d11f-5cd9-49df-a7c8-b6f8b4fdb6e9,2026-05-20 08:48:37,Chrome/Windows,US
71e95291-2b7a-4b4e-80f3-93cf106882c6,2026-07-04 06:16:37,Chrome/Android,BR
71e95291-2b7a-4b4e-80f3-93cf106882c6,2026-07-13 20:12:37,Chrome/Android,BR
1c973d1c-1e5e-4c70-ad59-c12e5b298a5a,2026-07-15 22:10:37,Safari/iOS,UK
1e480f8e-63ac-46b2-8a02-e020d593d2c3,2026-08-10 02:04:37,Safari/Mac,IN
4b9b4d68-57bc-432a-b79f-ce6232a85ce9,2026-05-18 01:24:37,Chrome/Android,US
4014fac9-3fb8-438b-a2d7-417d00e9c5bf,2026-05-26 13:12:37,Safari/iOS,BR
4014fac9-3fb8-438b-a2d7-417d00e9c5bf,2026-06-05 10:18:37,Safari/Mac,UK
6b0f1a5f-0b23-460a-a6e2-18278bbfd89d,2026-07-19 02:39:37,Chrome/Windows,US
6b0f1a5f-0b23-460a-a6e2-18278bbfd89d,2026-08-09 14:14:37,Safari/Mac,UK
6b0f1a5f-0b23-460a-a6e2-18278bbfd89d,2026-06-20 03:16:37,Firefox/Linux,CA
bdbab6cc-9b70-48aa-8336-d5118e9bd568,2026-05-25 04:17:37,Chrome/Android,US
bdbab6cc-9b70-48aa-8336-d5118e9bd568,2026-07-03 13:46:37,Safari/iOS,CA
bdbab6cc-9b70-48aa-8336-d5118e9bd568,2026-06-04 09:25:37,Safari/iOS,CA
4014fc73-ed35-439a-8f13-1b63d8fcd478,2026-07-31 10:08:37,Safari/iOS,UK
4014fc73-ed35-439a-8f13-1b63d8fcd478,2026-07-14 06:33:37,Safari/Mac,CA
4014fc73-ed35-439a-8f13-1b63d8fcd478,2026-08-07 06:28:37,Chrome/Android,CA
ad95ae0f-688a-4ba4-b6ba-943aac9bbd32,2026-05-21 16:06:37,Safari/iOS,CA
ad95ae0f-688a-4ba4-b6ba-943aac9bbd32,2026-06-06 01:31:37,Safari/Mac,US
cea071c6-1042-4e0c-80d3-c631e7667b0a,2026-07-09 01:56:37,Safari/Mac,UK
55b16f89-e750-4cef-a356-d343c927d6fc,2026-07-17 21:28:37,Firefox/Linux,UK
55b16f89-e750-4cef-a356-d343c927d6fc,2026-06-23 12:51:37,Firefox/Linux,IN
16982188-2221-4667-8751-908a7cfdb252,2026-06-04 11:49:37,Chrome/Windows,IN
16982188-2221-4667-8751-908a7cfdb252,2026-07-12 14:53:37,Chrome/Android,UK
16982188-2221-4667-8751-908a7cfdb252,2026-06-21 14:12:37,Chrome/Windows,BR
f0f9dcb3-3c85-4353-ab0f-340d2126e6fd,2026-07-24 08:48:37,Chrome/Windows,US
e08ef5d0-24ca-4ef2-a4ca-696cf3235c67,2026-06-28 05:05:37,Chrome/Windows,US
87ad18db-dee3-4d64-8483-f6938628429c,2026-05-14 13:09:37,Chrome/Windows,CA
fe7908da-c045-48aa-a1d0-73689acae60a,2026-07-16 15:52:37,Chrome/Windows,CA
fe7908da-c045-48aa-a1d0-73689acae60a,2026-06-23 06:34:37,Safari/Mac,UK
e2f47540-f9fc-4405-bdd0-11c2ff84135d,2026-06-11 06:41:37,Chrome/Windows,CA
e2f47540-f9fc-4405-bdd0-11c2ff84135d,2026-07-16 00:29:37,Chrome/Android,IN
1fde5ab1-0bca-420d-9682-8450f11ca7ee,2026-08-08 22:33:37,Chrome/Android,US
1fde5ab1-0bca-420d-9682-8450f11ca7ee,2026-06-24 23:00:37,Firefox/Linux,BR
eff03bc1-1da6-4b5f-8867-a0eb7670a49f,2026-07-05 14:02:37,Chrome/Windows,IN
eff03bc1-1da6-4b5f-8867-a0eb7670a49f,2026-08-07 20:16:37,Chrome/Windows,DE
eff03bc1-1da6-4b5f-8867-a0eb7670a49f,2026-06-11 11:46:37,Firefox/Linux,BR
9ceb3eb2-913e-4b50-98bb-122fc6ed2d75,2026-07-30 14:57:37,Chrome/Android,UK
4adb86d9-01ca-4b99-8c91-afa01de20d69,2026-08-10 17:37:37,Chrome/Android,US
4adb86d9-01ca-4b99-8c91-afa01de20d69,2026-08-10 22:18:37,Chrome/Windows,IN
4adb86d9-01ca-4b99-8c91-afa01de20d69,2026-05-15 04:18:37,Firefox/Linux,DE
3b323003-07ec-4d70-8aa7-2c46d335e59d,2026-05-30 04:31:37,Safari/Mac,CA
3b323003-07ec-4d70-8aa7-2c46d335e59d,2026-07-12 18:39:37,Chrome/Windows,CA
6782fab3-4eed-4944-95f9-c85df3bc8194,2026-05-13 15:59:37,Chrome/Windows,CA
6782fab3-4eed-4944-95f9-c85df3bc8194,2026-06-30 22:43:37,Safari/iOS,IN
6782fab3-4eed-4944-95f9-c85df3bc8194,2026-07-30 19:53:37,Chrome/Windows,DE
f2ae89c4-a827-4233-b41c-3caeb9f9dec6,2026-07-04 01:22:37,Firefox/Linux,BR
5deae017-a857-42ba-b651-657ef79a5537,2026-06-23 13:35:37,Safari/iOS,UK
f0f280c1-1c58-4842-8473-0713d1f61afb,2026-05-28 23:16:37,Safari/Mac,IN
f0f280c1-1c58-4842-8473-0713d1f61afb,2026-05-18 16:02:37,Chrome/Android,UK
c16aabd1-a0b5-46a3-b09c-4aa0cbee9151,2026-06-15 11:00:37,Chrome/Android,BR
c16aabd1-a0b5-46a3-b09c-4aa0cbee9151,2026-07-13 05:28:37,Safari/iOS,CA
c16aabd1-a0b5-46a3-b09c-4aa0cbee9151,2026-05-14 02:17:37,Safari/Mac,DE
462c8b4f-2d39-4e99-a696-243c79b2f11c,2026-05-12 14:40:37,Safari/Mac,UK
462c8b4f-2d39-4e99-a696-243c79b2f11c,2026-06-30 14:16:37,Chrome/Android,UK
c7dc4454-be5b-4ac6-a3b4-26abb1689d8a,2026-07-01 03:33:37,Chrome/Windows,UK
39f6238b-4460-4738-a16e-b0bcc13856e0,2026-06-23 05:40:37,Chrome/Android,CA
94defea5-d7f5-4b8f-a73a-03cb3b860038,2026-06-17 01:37:37,Chrome/Windows,CA
94defea5-d7f5-4b8f-a73a-03cb3b860038,2026-07-29 01:36:37,Safari/iOS,IN
faa5dbb9-de69-4a65-91fa-2fc9f902f862,2026-06-16 11:35:37,Firefox/Linux,CA
faa5dbb9-de69-4a65-91fa-2fc9f902f862,2026-07-04 19:48:37,Safari/Mac,DE
faa5dbb9-de69-4a65-91fa-2fc9f902f862,2026-05-25 10:24:37,Chrome/Windows,CA
0f636b3d-c57b-47af-a845-f4857b75249d,2026-06-16 11:13:37,Firefox/Linux,CA
863a3867-fcd6-446b-9d56-a49f10a29d6f,2026-07-12 12:03:37,Firefox/Linux,UK
863a3867-fcd6-446b-9d56-a49f10a29d6f,2026-05-17 04:08:37,Chrome/Windows,IN
863a3867-fcd6-446b-9d56-a49f10a29d6f,2026-06-16 23:33:37,Chrome/Windows,IN
4f6b72f2-ec08-4d53-9d36-693810d268b5,2026-06-20 11:04:37,Safari/Mac,DE
a96b016e-7bb9-4a84-9f1f-5c5a14176804,2026-06-10 19:48:37,Firefox/Linux,IN
a96b016e-7bb9-4a84-9f1f-5c5a14176804,2026-06-05 12:07:37,Safari/Mac,CA
a96b016e-7bb9-4a84-9f1f-5c5a14176804,2026-07-01 09:25:37,Safari/iOS,US
b2b1d687-2133-46b0-9a06-0429b934f99c,2026-06-03 03:39:37,Safari/Mac,BR
b2b1d687-2133-46b0-9a06-0429b934f99c,2026-06-28 05:55:37,Firefox/Linux,IN
b0cd1707-4270-4ba7-9464-c1b86ea9286b,2026-06-11 17:48:37,Chrome/Android,BR
d9bdfe0d-720e-4cbb-b836-d1d068c3bedf,2026-06-19 10:20:37,Safari/Mac,CA
d9bdfe0d-720e-4cbb-b836-d1d068c3bedf,2026-07-18 21:17:37,Chrome/Windows,CA
34d1eac0-1f76-4ea4-a59b-a82ca2388edd,2026-05-22 08:33:37,Chrome/Android,IN
34d1eac0-1f76-4ea4-a59b-a82ca2388edd,2026-06-21 08:49:37,Chrome/Windows,IN
178f73c7-a79a-4459-8631-b9e27e3274e2,2026-05-22 11:06:37,Chrome/Android,BR
178f73c7-a79a-4459-8631-b9e27e3274e2,2026-07-09 06:35:37,Chrome/Android,CA
178f73c7-a79a-4459-8631-b9e27e3274e2,2026-06-20 17:35:37,Safari/iOS,IN
33ab11ed-9f50-4197-92d3-25bb7313153e,2026-07-21 04:50:37,Chrome/Windows,CA
54c2994e-2779-4f53-83a8-96ea0e0f5ed3,2026-06-11 13:14:37,Safari/Mac,UK
a0334960-03de-416e-89f6-25813bd944fc,2026-05-17 12:56:37,Safari/iOS,IN
a0334960-03de-416e-89f6-25813bd944fc,2026-07-04 16:08:37,Safari/Mac,IN
c0398004-897b-4fa3-a303-b7045c80175d,2026-07-13 01:04:37,Safari/iOS,CA
c0398004-897b-4fa3-a303-b7045c80175d,2026-07-09 20:06:37,Safari/Mac,IN
629ce6eb-439d-497c-a38f-0e94f0a8b912,2026-06-27 02:08:37,Chrome/Android,DE
629ce6eb-439d-497c-a38f-0e94f0a8b912,2026-06-10 18:22:37,Firefox/Linux,CA
e6930d54-a940-44f6-b4d0-af5174184858,2026-07-22 23:55:37,Safari/iOS,US
e6930d54-a940-44f6-b4d0-af5174184858,2026-07-31 14:52:37,Chrome/Android,UK
51177bd7-7753-4123-b6f4-70aea9f2ecd2,2026-05-21 15:49:37,Chrome/Windows,UK
51177bd7-7753-4123-b6f4-70aea9f2ecd2,2026-08-01 13:31:37,Chrome/Android,BR
ae57df1c-e886-4e78-97b8-db45dd844100,2026-07-13 04:00:37,Safari/iOS,DE
d4a30053-d626-4b34-adc4-72765920e868,2026-07-15 20:59:37,Firefox/Linux,UK
e8c2cc02-0183-4b44-b5b1-652478450123,2026-07-16 18:05:37,Safari/Mac,BR
e8c2cc02-0183-4b44-b5b1-652478450123,2026-07-31 09:56:37,Safari/iOS,CA
be8c5181-2071-426c-8fa9-914887b56150,2026-06-19 01:57:37,Safari/Mac,IN
be8c5181-2071-426c-8fa9-914887b56150,2026-06-08 16:46:37,Safari/iOS,IN
cd4831fa-dc93-4c2e-8342-f4668c99d6c6,2026-05-13 18:34:37,Safari/iOS,UK
af15cd0d-ea79-4271-9081-036e922ea5f0,2026-06-30 19:05:37,Firefox/Linux,IN
4218c602-d70e-46e7-9c17-2280d46e79e7,2026-06-12 22:22:37,Safari/iOS,CA
4218c602-d70e-46e7-9c17-2280d46e79e7,2026-08-02 04:09:37,Chrome/Android,CA
016a1918-9928-49de-9f4a-1588fe2609b7,2026-07-29 17:19:37,Safari/iOS,UK
016a1918-9928-49de-9f4a-1588fe2609b7,2026-08-07 03:04:37,Safari/iOS,CA
1c268f25-b778-47b8-a771-9f7e60da1dea,2026-06-29 05:54:37,Chrome/Android,DE
4214ecda-8da6-4223-b3a4-8b5088f112d2,2026-06-04 16:00:37,Safari/Mac,DE
4214ecda-8da6-4223-b3a4-8b5088f112d2,2026-06-16 23:22:37,Chrome/Android,BR
4214ecda-8da6-4223-b3a4-8b5088f112d2,2026-08-05 00:31:37,Chrome/Android,IN
ed3a6729-d740-48c4-a778-fa2c93b249c4,2026-06-29 17:32:37,Firefox/Linux,DE
ed3a6729-d740-48c4-a778-fa2c93b249c4,2026-07-15 13:18:37,Chrome/Windows,DE
ed3a6729-d740-48c4-a778-fa2c93b249c4,2026-07-17 23:04:37,Chrome/Android,UK
e712a971-51f3-4719-98ae-e7c23834811b,2026-06-01 21:15:37,Firefox/Linux,US
e712a971-51f3-4719-98ae-e7c23834811b,2026-06-21 00:43:37,Chrome/Windows,US
e712a971-51f3-4719-98ae-e7c23834811b,2026-07-17 18:11:37,Chrome/Windows,BR
59332ee4-3c32-4aa1-9387-cad2cead7a3d,2026-05-25 05:09:37,Firefox/Linux,CA
59332ee4-3c32-4aa1-9387-cad2cead7a3d,2026-08-01 03:47:37,Safari/iOS,CA
59332ee4-3c32-4aa1-9387-cad2cead7a3d,2026-07-20 06:07:37,Safari/Mac,US
60a5539b-35a0-48b6-b120-73dd9363c902,2026-07-29 13:49:37,Chrome/Android,UK
60a5539b-35a0-48b6-b120-73dd9363c902,2026-07-02 16:04:37,Chrome/Android,DE
60a5539b-35a0-48b6-b120-73dd9363c902,2026-07-18 20:47:37,Chrome/Android,US
90176b19-8557-409e-b6db-b3d4eb7d7d11,2026-05-30 13:12:37,Chrome/Windows,IN
90176b19-8557-409e-b6db-b3d4eb7d7d11,2026-05-30 17:47:37,Chrome/Windows,IN
90176b19-8557-409e-b6db-b3d4eb7d7d11,2026-05-29 10:51:37,Safari/iOS,IN
1f78d6c3-06a5-48b0-99ed-fd76e7f3aedb,2026-05-26 15:07:37,Safari/Mac,IN
1f78d6c3-06a5-48b0-99ed-fd76e7f3aedb,2026-06-19 16:43:37,Chrome/Windows,CA
1f78d6c3-06a5-48b0-99ed-fd76e7f3aedb,2026-06-12 02:52:37,Safari/Mac,CA
78629e5c-49f0-4e2c-8f98-4adc3ce61431,2026-08-11 09:06:37,Chrome/Windows,US
78629e5c-49f0-4e2c-8f98-4adc3ce61431,2026-07-15 06:41:37,Safari/iOS,US
78629e5c-49f0-4e2c-8f98-4adc3ce61431,2026-07-06 10:13:37,Safari/Mac,IN
e0dcca02-9d28-45b3-ab54-9d5864d52023,2026-08-04 22:00:37,Safari/Mac,CA
e8dbb0af-ce11-45c6-805c-ead9bc17abcc,2026-05-22 16:04:37,Safari/iOS,IN
e8dbb0af-ce11-45c6-805c-ead9bc17abcc,2026-05-18 00:51:37,Chrome/Windows,CA
fd1c3960-573e-4860-bf5f-2e504ddc170f,2026-07-03 00:03:37,Firefox/Linux,UK
fd1c3960-573e-4860-bf5f-2e504ddc170f,2026-06-09 14:46:37,Chrome/Android,DE
fd1c3960-573e-4860-bf5f-2e504ddc170f,2026-05-29 10:21:37,Safari/iOS,CA
f9602155-c982-46e3-9f2c-6ff76186d506,2026-07-24 06:26:37,Safari/Mac,CA
29cbd288-505d-45d4-bd20-c4f49ebbbc38,2026-06-10 21:00:37,Safari/iOS,DE
29cbd288-505d-45d4-bd20-c4f49ebbbc38,2026-05-30 23:31:37,Chrome/Android,US
29cbd288-505d-45d4-bd20-c4f49ebbbc38,2026-05-23 13:04:37,Firefox/Linux,DE
d2cc5cad-ade3-4985-a347-ddf38769d2b8,2026-05-27 00:12:37,Safari/iOS,UK
1b9201e7-99e7-461c-be81-b7922a28d277,2026-06-22 12:25:37,Firefox/Linux,UK
1b9201e7-99e7-461c-be81-b7922a28d277,2026-06-15 00:05:37,Chrome/Windows,DE
1b9201e7-99e7-461c-be81-b7922a28d277,2026-07-09 01:22:37,Safari/Mac,BR
c7fa72f8-2f38-4862-a987-b4edc2f9fb20,2026-07-23 15:40:37,Chrome/Android,BR
c7fa72f8-2f38-4862-a987-b4edc2f9fb20,2026-05-15 18:27:37,Firefox/Linux,US
9c549f71-926a-4ac0-9093-9a233ec4600e,2026-06-24 02:59:37,Safari/Mac,DE
9c549f71-926a-4ac0-9093-9a233ec4600e,2026-05-26 08:06:37,Safari/iOS,IN
9c549f71-926a-4ac0-9093-9a233ec4600e,2026-05-13 02:50:37,Chrome/Android,BR
e9bba54d-69dd-4472-ae63-36b1d132907c,2026-06-13 16:44:37,Firefox/Linux,DE
e9bba54d-69dd-4472-ae63-36b1d132907c,2026-08-03 02:24:37,Firefox/Linux,BR
e9bba54d-69dd-4472-ae63-36b1d132907c,2026-07-08 17:29:37,Safari/iOS,BR
f602cd5e-d109-4fc2-9896-ebcc00326866,2026-07-18 03:37:37,Chrome/Windows,UK
a6d4c105-bfe0-4801-b207-1e259a99c63c,2026-06-25 15:13:37,Chrome/Android,IN
a6d4c105-bfe0-4801-b207-1e259a99c63c,2026-06-06 05:34:37,Chrome/Windows,IN
848a19c6-7332-4526-84e3-e8c339d70689,2026-07-28 22:09:37,Safari/iOS,US
848a19c6-7332-4526-84e3-e8c339d70689,2026-07-22 23:11:37,Chrome/Windows,DE
cfaccb50-70dd-42d7-8a3a-b5a9a1a2e5ef,2026-06-05 14:48:37,Chrome/Windows,US
cfaccb50-70dd-42d7-8a3a-b5a9a1a2e5ef,2026-07-15 15:18:37,Firefox/Linux,BR
88f02fdd-fb6f-4cb0-890e-cc93075a680e,2026-07-09 01:22:37,Chrome/Windows,IN
9391bffb-ce5e-42eb-96d5-06ade40b040b,2026-07-10 08:28:37,Safari/Mac,UK
4112be90-c380-4aef-acf8-6f8cf8ae9aeb,2026-08-01 09:46:37,Chrome/Windows,BR
4112be90-c380-4aef-acf8-6f8cf8ae9aeb,2026-06-24 11:20:37,Safari/iOS,US
4112be90-c380-4aef-acf8-6f8cf8ae9aeb,2026-05-26 13:24:37,Chrome/Windows,CA
225276bd-3c75-4eee-a102-449e2a69ee49,2026-07-01 15:35:37,Chrome/Windows,CA
225276bd-3c75-4eee-a102-449e2a69ee49,2026-06-07 21:38:37,Safari/iOS,UK
0770faad-5068-4b61-9438-2a2e3eb0abfb,2026-07-11 10:35:37,Safari/Mac,US
0770faad-5068-4b61-9438-2a2e3eb0abfb,2026-07-09 22:46:37,Firefox/Linux,US
503fa887-dea2-4a19-979c-aa5afb280088,2026-06-06 11:02:37,Safari/iOS,US
503fa887-dea2-4a19-979c-aa5afb280088,2026-07-30 05:29:37,Chrome/Windows,UK
94df7f41-6d75-41b1-8f86-8ae152380a9a,2026-05-27 15:21:37,Chrome/Windows,IN
94df7f41-6d75-41b1-8f86-8ae152380a9a,2026-06-30 22:33:37,Safari/iOS,US
2168308b-9154-402f-b502-bc2910e31d5f,2026-06-10 21:39:37,Safari/iOS,UK
2168308b-9154-402f-b502-bc2910e31d5f,2026-07-23 11:52:37,Chrome/Windows,IN
a63357ba-caa9-4ddb-a941-03e3fc844a9a,2026-08-07 03:50:37,Safari/Mac,US
118e5e5a-ce31-4940-9d33-b8f1ef2edd91,2026-07-24 19:43:37,Safari/iOS,US
118e5e5a-ce31-4940-9d33-b8f1ef2edd91,2026-05-23 07:21:37,Chrome/Android,DE
770b7ca0-12e9-44c6-9b73-810d34dc8141,2026-06-11 06:09:37,Chrome/Android,UK
ad65b0d8-d706-4572-b96e-272d4566dd87,2026-07-13 10:46:37,Safari/Mac,CA
ad65b0d8-d706-4572-b96e-272d4566dd87,2026-06-14 15:53:37,Safari/Mac,IN
48acb123-f942-4db4-9796-2a1881d89af3,2026-07-07 20:23:37,Safari/Mac,UK
15e3bcb4-f9c8-4169-b9a6-75bd48ca40ea,2026-05-30 00:28:37,Safari/Mac,DE
15e3bcb4-f9c8-4169-b9a6-75bd48ca40ea,2026-06-10 06:29:37,Safari/iOS,IN
c67483a9-271a-413d-89e4-db6914dbf596,2026-06-07 08:09:37,Safari/Mac,BR
0401d05c-827f-4063-9512-f86571e18820,2026-07-06 06:33:37,Safari/Mac,DE
0401d05c-827f-4063-9512-f86571e18820,2026-06-17 01:34:37,Safari/Mac,US
0401d05c-827f-4063-9512-f86571e18820,2026-06-23 00:23:37,Safari/Mac,US
ab00ac94-0403-45ee-8ce7-14ec9de7e991,2026-07-23 13:48:37,Safari/iOS,BR
ab00ac94-0403-45ee-8ce7-14ec9de7e991,2026-06-28 17:41:37,Safari/iOS,US
1b6aeb80-19b1-4e2c-a645-269c6730c5dc,2026-07-18 22:22:37,Chrome/Windows,IN
1b6aeb80-19b1-4e2c-a645-269c6730c5dc,2026-07-15 01:13:37,Safari/Mac,UK
643de5bd-3bf0-4bc0-a714-773490483489,2026-06-06 02:04:37,Safari/Mac,UK
ac9b3fca-e4bb-45f6-a700-8246616ed708,2026-07-07 04:36:37,Safari/Mac,BR
ac9b3fca-e4bb-45f6-a700-8246616ed708,2026-05-17 11:09:37,Safari/Mac,BR
ac9b3fca-e4bb-45f6-a700-8246616ed708,2026-07-03 03:49:37,Chrome/Windows,CA
7eede3cc-f27e-4252-b12e-d9b6115b9eb8,2026-08-03 16:58:37,Chrome/Android,DE
7eede3cc-f27e-4252-b12e-d9b6115b9eb8,2026-07-05 12:54:37,Safari/iOS,US
7eede3cc-f27e-4252-b12e-d9b6115b9eb8,2026-08-09 19:51:37,Safari/iOS,UK
fac17453-534c-4d66-b9cb-5e1caeca9e0e,2026-07-11 04:13:37,Chrome/Android,US
fac17453-534c-4d66-b9cb-5e1caeca9e0e,2026-07-21 11:26:37,Firefox/Linux,BR
e53524d7-9f87-46df-8fbf-4291df985325,2026-06-05 19:16:37,Chrome/Windows,US
e53524d7-9f87-46df-8fbf-4291df985325,2026-06-26 11:34:37,Chrome/Android,CA
b79038fa-2c24-4a31-9514-4460b4d8de5e,2026-05-30 08:31:37,Chrome/Windows,CA
b79038fa-2c24-4a31-9514-4460b4d8de5e,2026-06-08 19:17:37,Chrome/Windows,BR
b79038fa-2c24-4a31-9514-4460b4d8de5e,2026-06-04 05:48:37,Safari/Mac,US
2be0b323-87cf-4dc8-bfa9-48a28c1e3a7e,2026-05-24 04:39:37,Chrome/Windows,DE
6e02414c-71fa-4def-946d-28340b04879c,2026-06-01 09:48:37,Chrome/Windows,CA
6e02414c-71fa-4def-946d-28340b04879c,2026-07-18 01:48:37,Firefox/Linux,CA
5a5eb952-0a8b-4505-94ea-0b20b11c86e7,2026-06-06 02:05:37,Safari/iOS,US
5a5eb952-0a8b-4505-94ea-0b20b11c86e7,2026-06-28 06:04:37,Safari/Mac,US
5a5eb952-0a8b-4505-94ea-0b20b11c86e7,2026-07-08 06:20:37,Safari/iOS,BR
181b3da0-ecd6-4d0a-add8-be2ca2b3d565,2026-07-28 06:42:37,Safari/iOS,UK
181b3da0-ecd6-4d0a-add8-be2ca2b3d565,2026-06-02 15:35:37,Safari/Mac,UK
a3d3fabf-2f31-4b12-8a05-774f311c42b8,2026-06-22 03:57:37,Chrome/Windows,CA
a3d3fabf-2f31-4b12-8a05-774f311c42b8,2026-06-22 11:23:37,Firefox/Linux,BR
a3d3fabf-2f31-4b12-8a05-774f311c42b8,2026-06-05 08:24:37,Chrome/Windows,DE
c882f4ff-2580-4a91-8159-1695be59e0da,2026-06-21 01:56:37,Chrome/Android,CA
c882f4ff-2580-4a91-8159-1695be59e0da,2026-06-16 14:58:37,Chrome/Android,IN
8202cfe9-9386-4c76-8880-cd8f1865180e,2026-06-06 05:06:37,Chrome/Android,UK
8202cfe9-9386-4c76-8880-cd8f1865180e,2026-06-17 12:09:37,Chrome/Windows,DE
adce29e5-8343-43c1-8f96-1af5aa1cd569,2026-08-02 23:22:37,Safari/Mac,BR
52e432c2-d52c-4667-9471-a72fa6d8864f,2026-07-24 20:24:37,Safari/iOS,CA
82f3df40-5cf0-4999-854d-870a89a13ff0,2026-05-16 14:32:37,Firefox/Linux,US
82f3df40-5cf0-4999-854d-870a89a13ff0,2026-05-24 06:33:37,Chrome/Windows,BR
9780f404-af05-4d70-bcc1-f4a2f7dc578e,2026-07-12 08:31:37,Chrome/Windows,DE
9780f404-af05-4d70-bcc1-f4a2f7dc578e,2026-06-27 13:39:37,Chrome/Windows,US
9780f404-af05-4d70-bcc1-f4a2f7dc578e,2026-05-26 16:52:37,Chrome/Android,US
14a85366-0955-4f11-8eca-f6de92dc01c5,2026-05-27 15:50:37,Safari/Mac,IN
14a85366-0955-4f11-8eca-f6de92dc01c5,2026-07-26 17:41:37,Chrome/Android,IN
14a85366-0955-4f11-8eca-f6de92dc01c5,2026-05-30 00:32:37,Safari/Mac,CA
2545909b-d493-4975-88d0-02ba96947319,2026-06-13 14:05:37,Firefox/Linux,UK
2545909b-d493-4975-88d0-02ba96947319,2026-05-19 21:37:37,Firefox/Linux,CA
dfdc423c-cc23-49dd-85ea-7339db56cf5e,2026-06-13 16:30:37,Firefox/Linux,IN
dfdc423c-cc23-49dd-85ea-7339db56cf5e,2026-06-12 00:48:37,Safari/Mac,DE
3cca0860-8c09-400a-ac71-370cf2e6562f,2026-07-17 17:15:37,Safari/iOS,BR
4ae2aef1-fb3a-4b9d-ac9f-803574e6cabd,2026-08-09 22:39:37,Safari/Mac,DE
4ae2aef1-fb3a-4b9d-ac9f-803574e6cabd,2026-05-31 23:18:37,Chrome/Android,DE
4ae2aef1-fb3a-4b9d-ac9f-803574e6cabd,2026-07-15 00:46:37,Chrome/Windows,UK
3e4b74c6-bd39-46bd-ab7a-930e64936739,2026-06-15 12:46:37,Firefox/Linux,IN
3e4b74c6-bd39-46bd-ab7a-930e64936739,2026-06-15 22:02:37,Chrome/Windows,BR
933563df-14e8-4135-a45a-c418e18a2cc7,2026-05-16 09:50:37,Safari/Mac,IN
50faf310-9296-49c2-8296-fcb0b32cc89a,2026-05-17 22:41:37,Safari/Mac,BR
50faf310-9296-49c2-8296-fcb0b32cc89a,2026-05-25 00:57:37,Firefox/Linux,US
41090716-9deb-4e2e-9060-abf250008eb5,2026-07-07 13:04:37,Safari/Mac,IN
41090716-9deb-4e2e-9060-abf250008eb5,2026-07-29 09:23:37,Firefox/Linux,BR
41090716-9deb-4e2e-9060-abf250008eb5,2026-07-26 18:24:37,Firefox/Linux,UK
14b9a3c4-f82b-4421-842e-0051696a6130,2026-07-06 14:11:37,Chrome/Windows,IN
14b9a3c4-f82b-4421-842e-0051696a6130,2026-06-14 11:20:37,Chrome/Android,CA
14b9a3c4-f82b-4421-842e-0051696a6130,2026-06-27 00:27:37,Safari/iOS,BR
d97868d5-b956-4886-bf8e-6b41d9dc2161,2026-05-20 23:49:37,Safari/iOS,IN
d97868d5-b956-4886-bf8e-6b41d9dc2161,2026-06-16 00:38:37,Firefox/Linux,DE
d97868d5-b956-4886-bf8e-6b41d9dc2161,2026-07-23 20:13:37,Safari/iOS,BR
04784b2a-a3a0-4179-afd8-1d7ceea07770,2026-07-30 23:29:37,Firefox/Linux,UK
bf24037f-97b9-445a-932e-6840f5ca5aa0,2026-07-15 19:52:37,Chrome/Windows,US
bf24037f-97b9-445a-932e-6840f5ca5aa0,2026-08-05 01:13:37,Safari/iOS,DE
931f826c-5cba-4cf5-bd0a-567c8baa226d,2026-06-03 14:22:37,Firefox/Linux,BR
931f826c-5cba-4cf5-bd0a-567c8baa226d,2026-05-15 20:25:37,Safari/iOS,DE
8c9bb1ae-43ff-4480-9321-219c46f33110,2026-06-15 09:06:37,Chrome/Windows,BR
8c9bb1ae-43ff-4480-9321-219c46f33110,2026-07-13 06:23:37,Chrome/Android,BR
19b5e8a0-3798-425b-bb07-0d8e79708bb2,2026-05-19 15:50:37,Firefox/Linux,UK
19b5e8a0-3798-425b-bb07-0d8e79708bb2,2026-07-17 20:18:37,Safari/iOS,IN
19b5e8a0-3798-425b-bb07-0d8e79708bb2,2026-05-23 15:28:37,Firefox/Linux,CA
59b99135-b28f-470c-bbe9-1d1ffbb7f23c,2026-06-25 23:26:37,Chrome/Windows,DE
d42a6dd7-f31d-4338-bbed-63f621ac4e3d,2026-07-27 12:52:37,Chrome/Android,CA
48a468a1-c91c-4be8-870d-23d6c0d5b49b,2026-06-06 20:09:37,Safari/Mac,BR
48a468a1-c91c-4be8-870d-23d6c0d5b49b,2026-07-04 17:36:37,Firefox/Linux,UK
0cd136c8-dfba-4275-9414-c4aad7534e0b,2026-07-19 08:09:37,Firefox/Linux,BR
0cd136c8-dfba-4275-9414-c4aad7534e0b,2026-07-28 22:13:37,Chrome/Windows,CA
0cd136c8-dfba-4275-9414-c4aad7534e0b,2026-06-20 08:59:37,Chrome/Windows,DE
f59dcd19-56e1-4e1f-8bf2-8b5be1be5019,2026-06-22 06:12:37,Chrome/Windows,CA
f59dcd19-56e1-4e1f-8bf2-8b5be1be5019,2026-08-08 03:38:37,Safari/iOS,BR
013e6438-c04e-4b53-ad83-7dcbf19b3d75,2026-05-20 16:17:37,Safari/Mac,BR
013e6438-c04e-4b53-ad83-7dcbf19b3d75,2026-07-16 20:11:37,Chrome/Windows,UK
70408537-98bb-49ef-b599-d8b581d4a95b,2026-06-05 17:43:37,Chrome/Windows,US
70935943-baae-4eab-93df-867534b04574,2026-06-05 17:57:37,Safari/iOS,BR
34695107-920e-49e3-b402-33a9dbb98e02,2026-08-03 13:49:37,Firefox/Linux,DE
34695107-920e-49e3-b402-33a9dbb98e02,2026-07-23 11:34:37,Chrome/Android,DE
34695107-920e-49e3-b402-33a9dbb98e02,2026-07-21 08:32:37,Chrome/Windows,BR
1d52ec1a-6b20-4e03-9044-19b0bab1ea0d,2026-07-17 19:10:37,Safari/iOS,US
1d52ec1a-6b20-4e03-9044-19b0bab1ea0d,2026-08-05 01:53:37,Safari/iOS,BR
7b4d57a7-1d5b-4a80-b11f-a2abf2606aa1,2026-08-04 14:34:37,Safari/Mac,UK
7b4d57a7-1d5b-4a80-b11f-a2abf2606aa1,2026-08-06 03:50:37,Firefox/Linux,UK
7b4d57a7-1d5b-4a80-b11f-a2abf2606aa1,2026-07-02 08:52:37,Safari/iOS,DE
44051812-c502-49f8-be5a-9c63619d504d,2026-05-26 00:53:37,Safari/iOS,US
44051812-c502-49f8-be5a-9c63619d504d,2026-07-10 12:25:37,Firefox/Linux,UK
44051812-c502-49f8-be5a-9c63619d504d,2026-06-20 00:24:37,Safari/iOS,US
d0751661-3bad-42af-9088-3b74f41e9d8a,2026-07-31 04:39:37,Chrome/Android,IN
98b64fcb-ab11-4bbb-8e4c-edfb9e02beb1,2026-08-11 00:24:37,Firefox/Linux,DE
5ba727ac-1203-4add-8f0c-5469f8f040b3,2026-06-03 21:28:37,Safari/iOS,CA
5ba727ac-1203-4add-8f0c-5469f8f040b3,2026-08-03 06:22:37,Chrome/Android,BR
8e8639af-fccc-4acc-8e61-b75d447327e9,2026-06-23 03:20:37,Chrome/Android,DE
2e5c1842-a6fa-4c6c-bfe5-5b2a89c8aed8,2026-06-17 08:32:37,Chrome/Windows,DE
fa2b1b1a-40d8-4919-a58d-9bf14181c68e,2026-07-11 11:41:37,Chrome/Windows,UK
429a215a-ddc4-482a-b109-294a090046c1,2026-06-03 05:14:37,Safari/iOS,IN
429a215a-ddc4-482a-b109-294a090046c1,2026-07-12 04:26:37,Chrome/Android,UK
e13e7d7f-6712-4182-8906-e51b99a0f5c3,2026-06-23 13:12:37,Safari/Mac,DE
e13e7d7f-6712-4182-8906-e51b99a0f5c3,2026-06-11 17:36:37,Safari/Mac,IN
e13e7d7f-6712-4182-8906-e51b99a0f5c3,2026-05-17 05:04:37,Chrome/Android,BR
4360bf44-7eab-437f-bb0b-2f6878cdd302,2026-05-27 22:15:37,Safari/Mac,IN
4360bf44-7eab-437f-bb0b-2f6878cdd302,2026-05-25 17:36:37,Safari/Mac,US
4360bf44-7eab-437f-bb0b-2f6878cdd302,2026-05-16 17:44:37,Firefox/Linux,DE
d62a10db-1ae3-4111-88b9-327ea2b68f79,2026-08-07 12:04:37,Firefox/Linux,UK
d62a10db-1ae3-4111-88b9-327ea2b68f79,2026-07-03 09:25:37,Chrome/Windows,CA
d62a10db-1ae3-4111-88b9-327ea2b68f79,2026-07-20 02:29:37,Safari/Mac,CA
7656b46d-839a-446c-8545-996ad94a3368,2026-06-08 00:37:37,Chrome/Windows,CA
7656b46d-839a-446c-8545-996ad94a3368,2026-07-03 07:35:37,Chrome/Android,UK
d167ccc1-c479-44e2-a61e-50a1e023330e,2026-07-05 22:24:37,Safari/iOS,CA
d167ccc1-c479-44e2-a61e-50a1e023330e,2026-05-23 04:50:37,Chrome/Android,UK
d167ccc1-c479-44e2-a61e-50a1e023330e,2026-08-07 22:06:37,Chrome/Android,IN
1d06867a-4cbe-436e-bdb3-73ca27ae6fe3,2026-07-10 21:27:37,Chrome/Windows,UK
1d06867a-4cbe-436e-bdb3-73ca27ae6fe3,2026-07-05 06:32:37,Firefox/Linux,CA
1d06867a-4cbe-436e-bdb3-73ca27ae6fe3,2026-07-13 11:06:37,Chrome/Windows,IN
a3c2d987-8317-4b71-85cf-ffcf695667eb,2026-06-17 03:01:37,Chrome/Android,UK
0eee4e2b-2429-44a2-8936-bf954b4d031a,2026-08-05 16:30:37,Safari/Mac,BR
0eee4e2b-2429-44a2-8936-bf954b4d031a,2026-07-12 15:18:37,Firefox/Linux,DE
0eee4e2b-2429-44a2-8936-bf954b4d031a,2026-06-16 12:06:37,Firefox/Linux,DE
9ad9c1d0-7374-47f8-9280-3130cc7b32bb,2026-08-05 15:11:37,Chrome/Windows,UK
9ad9c1d0-7374-47f8-9280-3130cc7b32bb,2026-05-16 06:47:37,Chrome/Android,UK
5f045765-69ad-40e7-9fd3-28afe2c6cf4e,2026-07-30 20:05:37,Safari/iOS,CA
5f045765-69ad-40e7-9fd3-28afe2c6cf4e,2026-05-25 02:32:37,Firefox/Linux,US
d4b5096b-14ba-4028-8d30-162c71f7dffb,2026-06-17 18:50:37,Chrome/Android,CA
d4b5096b-14ba-4028-8d30-162c71f7dffb,2026-06-07 10:05:37,Safari/iOS,BR
fecd0a4b-6570-4f50-a86a-e399376c4219,2026-06-17 12:17:37,Safari/Mac,IN
36f95465-6306-46ae-b279-2b71113b1934,2026-08-05 10:57:37,Firefox/Linux,DE
4c9c9344-e43c-469c-880d-1fa965bd48cb,2026-06-03 04:00:37,Safari/Mac,BR
fd1f9e8a-a263-42c4-8f96-835e30e0dd73,2026-07-11 08:39:37,Chrome/Android,DE
fd1f9e8a-a263-42c4-8f96-835e30e0dd73,2026-06-20 07:37:37,Chrome/Android,UK
1148cd8b-4dee-4dae-8efd-7e1f0d519360,2026-05-15 11:18:37,Safari/iOS,UK
b24854f9-cba8-4ffc-a9e9-12647c0b2090,2026-08-10 17:05:37,Safari/iOS,UK
dcfb665c-841b-4134-8293-2772b5b45fb0,2026-05-14 00:41:37,Safari/Mac,BR
dcfb665c-841b-4134-8293-2772b5b45fb0,2026-05-31 02:28:37,Chrome/Windows,BR
de6317d1-37a4-4d8c-85f2-ae9f197bd82c,2026-07-20 12:07:37,Safari/Mac,BR
de6317d1-37a4-4d8c-85f2-ae9f197bd82c,2026-06-12 20:56:37,Safari/Mac,US
de6317d1-37a4-4d8c-85f2-ae9f197bd82c,2026-05-15 00:49:37,Chrome/Android,IN
367d78e0-015a-4c33-9c86-c2c6cfc5408f,2026-08-06 07:52:37,Chrome/Android,DE
7f4ab3b9-c0ed-4994-9a99-9f1a3fcdc288,2026-07-27 11:30:37,Safari/iOS,US
b2cb5008-ca25-47d1-badf-8f236e31d1af,2026-06-30 19:20:37,Firefox/Linux,DE
df5805bd-b53e-45d5-ad2e-3d4c52b2dea0,2026-07-20 16:45:37,Chrome/Windows,US
df5805bd-b53e-45d5-ad2e-3d4c52b2dea0,2026-06-12 18:44:37,Chrome/Android,CA
4170c9d8-86f3-4522-95b0-2e5aac756ae9,2026-07-28 13:18:37,Safari/iOS,IN
4170c9d8-86f3-4522-95b0-2e5aac756ae9,2026-07-17 16:29:37,Chrome/Windows,DE
54f61f27-9c62-41a0-8bca-3f1cf65969e9,2026-05-22 13:50:37,Chrome/Android,CA
54f61f27-9c62-41a0-8bca-3f1cf65969e9,2026-07-11 07:41:37,Chrome/Windows,US
8ee4b203-00ee-4018-940c-04f5b81d54df,2026-07-24 00:26:37,Safari/Mac,CA
8ee4b203-00ee-4018-940c-04f5b81d54df,2026-06-04 12:39:37,Chrome/Windows,CA
8ee4b203-00ee-4018-940c-04f5b81d54df,2026-07-02 10:10:37,Chrome/Android,IN
0b7cede2-b412-4ac7-8f21-01b27ae2cdd9,2026-05-20 22:29:37,Safari/Mac,DE
85ba2008-ade5-4d0e-8f94-e38f06479f9b,2026-06-01 21:56:37,Chrome/Android,UK
86172569-9107-4abb-90b7-5a22d94f91d9,2026-08-05 03:18:37,Safari/iOS,IN
86172569-9107-4abb-90b7-5a22d94f91d9,2026-07-22 00:11:37,Firefox/Linux,CA
86172569-9107-4abb-90b7-5a22d94f91d9,2026-08-01 05:05:37,Safari/Mac,UK
fcf76ccc-2c92-4449-9f29-0a62528d82be,2026-06-15 13:24:37,Chrome/Windows,US
204b2736-4e6c-47b2-b8e9-d90fc4f1f6d4,2026-06-11 03:36:37,Chrome/Android,US
204b2736-4e6c-47b2-b8e9-d90fc4f1f6d4,2026-08-06 13:55:37,Firefox/Linux,IN
204b2736-4e6c-47b2-b8e9-d90fc4f1f6d4,2026-07-24 00:45:37,Chrome/Windows,BR
7e307aae-8046-4514-a182-50ca4ea696c5,2026-06-29 07:21:37,Chrome/Windows,CA
7e307aae-8046-4514-a182-50ca4ea696c5,2026-07-19 10:39:37,Safari/iOS,DE
7e307aae-8046-4514-a182-50ca4ea696c5,2026-08-10 18:58:37,Firefox/Linux,CA
ff8c6fe5-278b-4f15-8dea-50545e3c3c39,2026-05-31 03:19:37,Chrome/Windows,BR
ff8c6fe5-278b-4f15-8dea-50545e3c3c39,2026-06-30 17:20:37,Safari/iOS,BR
4ca2e81b-1151-4321-afec-cf037cd4614d,2026-06-20 14:10:37,Chrome/Windows,US
0214ab85-681c-4f7d-af0d-c9aa66760379,2026-05-25 12:30:37,Firefox/Linux,BR
0214ab85-681c-4f7d-af0d-c9aa66760379,2026-06-18 22:19:37,Safari/Mac,DE
48b52f15-ea24-45d4-9ca7-01b6f1c87d89,2026-06-04 13:48:37,Safari/Mac,UK
48b52f15-ea24-45d4-9ca7-01b6f1c87d89,2026-05-16 10:21:37,Chrome/Windows,UK
3bb8ca52-7c9e-4c45-9b8d-5531daed289e,2026-05-31 15:23:37,Chrome/Android,BR
3bb8ca52-7c9e-4c45-9b8d-5531daed289e,2026-07-11 15:21:37,Safari/iOS,DE
832b2b52-6547-4a21-8ba1-5938836896c2,2026-07-19 03:14:37,Chrome/Windows,UK
500c85a7-86d8-4eba-9025-43f086315413,2026-05-20 06:37:37,Firefox/Linux,CA
500c85a7-86d8-4eba-9025-43f086315413,2026-07-09 11:18:37,Safari/Mac,BR
a7be8913-abe2-421b-ab59-c10350b3c9ce,2026-07-13 16:13:37,Chrome/Windows,CA
a7be8913-abe2-421b-ab59-c10350b3c9ce,2026-06-06 15:13:37,Chrome/Windows,IN
a7be8913-abe2-421b-ab59-c10350b3c9ce,2026-05-17 06:58:37,Safari/iOS,UK
c122e05e-2760-4e0b-a42a-0e11f68e9c45,2026-05-15 21:15:37,Safari/Mac,UK
c122e05e-2760-4e0b-a42a-0e11f68e9c45,2026-05-30 18:00:37,Chrome/Windows,UK
c122e05e-2760-4e0b-a42a-0e11f68e9c45,2026-06-24 14:46:37,Safari/iOS,UK
99698678-9b95-4150-b797-beb3d168f033,2026-08-06 09:05:37,Firefox/Linux,UK
99698678-9b95-4150-b797-beb3d168f033,2026-06-14 00:42:37,Safari/Mac,IN
e96a63db-ca8f-4bd1-b425-e648b2b8c1ac,2026-05-31 05:51:37,Chrome/Android,UK
1382dd85-2857-49f4-93ea-2c8c19788d97,2026-06-28 10:06:37,Chrome/Windows,DE
1382dd85-2857-49f4-93ea-2c8c19788d97,2026-07-27 02:26:37,Firefox/Linux,CA
89f00b73-80a6-4d69-bb40-808d1f740cad,2026-06-10 07:57:37,Firefox/Linux,DE
89f00b73-80a6-4d69-bb40-808d1f740cad,2026-07-29 22:14:37,Chrome/Android,BR
55060136-af1c-4f75-9d76-6cc09e776c1a,2026-07-09 22:37:37,Safari/iOS,US
b124eb5f-98a0-4a73-a6c7-3236c6e05dcf,2026-07-28 09:18:37,Chrome/Windows,US
b124eb5f-98a0-4a73-a6c7-3236c6e05dcf,2026-07-09 04:40:37,Firefox/Linux,DE
b124eb5f-98a0-4a73-a6c7-3236c6e05dcf,2026-05-15 12:25:37,Safari/Mac,BR
3e3a8fa9-1348-4570-9953-8d597c117a86,2026-06-03 11:01:37,Chrome/Android,IN
3e3a8fa9-1348-4570-9953-8d597c117a86,2026-08-10 09:28:37,Safari/Mac,IN
df6e3b15-c777-4cbc-a640-12e0bb99d972,2026-08-07 08:45:37,Safari/Mac,BR
df6e3b15-c777-4cbc-a640-12e0bb99d972,2026-05-20 12:11:37,Safari/iOS,IN
df6e3b15-c777-4cbc-a640-12e0bb99d972,2026-07-21 10:55:37,Safari/iOS,IN
ca3c77fc-e252-4ea9-86b1-ef77b0a903ee,2026-05-24 17:45:37,Chrome/Android,DE
b6eda50f-ea49-4699-805e-aaf515486bc6,2026-07-03 05:12:37,Firefox/Linux,US
8b872c28-feb1-469e-a4ff-98f567b286ac,2026-07-20 22:03:37,Safari/iOS,DE
819b5f88-ca09-41f9-8312-10d2fc735962,2026-06-22 22:29:37,Chrome/Windows,DE
819b5f88-ca09-41f9-8312-10d2fc735962,2026-05-28 18:28:37,Safari/Mac,US
819b5f88-ca09-41f9-8312-10d2fc735962,2026-07-10 18:53:37,Firefox/Linux,US
6469324d-e210-4093-a457-030afe16135a,2026-05-18 05:32:37,Safari/iOS,DE
ac53d453-659d-4761-8a73-8fea7075e7c4,2026-06-26 15:13:37,Firefox/Linux,BR
ac53d453-659d-4761-8a73-8fea7075e7c4,2026-07-24 11:47:37,Firefox/Linux,US
7f879793-f1ee-448d-9e8f-c8367c11450c,2026-06-17 13:13:37,Chrome/Windows,DE
d5fc6b5b-4775-447a-b49b-721d107c2581,2026-07-12 05:06:37,Chrome/Windows,DE
d5fc6b5b-4775-447a-b49b-721d107c2581,2026-06-28 10:26:37,Firefox/Linux,CA
02e1e4b2-45f4-48d0-862b-518263a4f27f,2026-06-27 16:04:37,Safari/iOS,DE
52c4ada2-1767-4de0-b3f4-4e091202f9ea,2026-05-17 22:53:37,Safari/iOS,BR
52c4ada2-1767-4de0-b3f4-4e091202f9ea,2026-06-25 01:58:37,Safari/Mac,DE
95bf7f0d-0cf4-4b2d-a68d-dc59760ce447,2026-07-25 03:49:37,Safari/iOS,IN
fa0833c0-cb3c-4d4a-b708-bfbe9ccc51b4,2026-06-21 15:00:37,Chrome/Android,UK
fa0833c0-cb3c-4d4a-b708-bfbe9ccc51b4,2026-05-28 07:40:37,Chrome/Android,CA
fa0833c0-cb3c-4d4a-b708-bfbe9ccc51b4,2026-07-03 01:03:37,Firefox/Linux,BR
c005de62-773d-49c6-9381-82420e015505,2026-08-02 03:12:37,Chrome/Windows,BR
c005de62-773d-49c6-9381-82420e015505,2026-07-20 00:12:37,Chrome/Android,IN
b00461b7-cae5-4eee-8431-270057024493,2026-05-14 20:03:37,Chrome/Windows,IN
b00461b7-cae5-4eee-8431-270057024493,2026-07-02 04:32:37,Chrome/Android,BR
b4c2904b-e80c-40e8-a3cf-9b03d2f00e4a,2026-05-23 01:34:37,Chrome/Windows,UK
ef96e574-d80d-4c17-b38b-3c5f72b9e5c6,2026-06-15 02:52:37,Firefox/Linux,DE
ef96e574-d80d-4c17-b38b-3c5f72b9e5c6,2026-06-07 13:43:37,Safari/Mac,UK
ef96e574-d80d-4c17-b38b-3c5f72b9e5c6,2026-08-04 05:11:37,Chrome/Windows,US
0ab745b1-c477-4a6c-a43f-040c3f0e2bc6,2026-07-25 09:37:37,Chrome/Android,BR
0ab745b1-c477-4a6c-a43f-040c3f0e2bc6,2026-05-21 09:09:37,Chrome/Android,US
8cc545e2-26ef-4d69-a652-53397e23189d,2026-06-30 22:54:37,Chrome/Windows,CA
545a2b58-507b-4895-9058-ab77bbdbe67a,2026-06-20 14:06:37,Chrome/Android,UK
545a2b58-507b-4895-9058-ab77bbdbe67a,2026-08-03 19:59:37,Chrome/Windows,US
545a2b58-507b-4895-9058-ab77bbdbe67a,2026-05-22 14:28:37,Safari/iOS,BR
a8159099-fe07-4b66-a980-db126a5906f3,2026-07-09 18:54:37,Chrome/Windows,US
a8159099-fe07-4b66-a980-db126a5906f3,2026-07-01 15:08:37,Chrome/Android,US
a8159099-fe07-4b66-a980-db126a5906f3,2026-06-18 14:04:37,Chrome/Android,UK
b07a3760-1e8b-4df6-8121-f361497b9610,2026-07-16 05:16:37,Chrome/Windows,DE
80f2a438-189b-4e9a-9f00-5c4e688acc57,2026-06-17 22:15:37,Firefox/Linux,BR
80f2a438-189b-4e9a-9f00-5c4e688acc57,2026-07-22 12:11:37,Firefox/Linux,DE
93ef13dd-94a8-4a30-83f6-2560a0bbd895,2026-05-24 00:57:37,Safari/iOS,US
1e620e08-a235-40f4-8243-eb1033cb53bf,2026-05-19 16:04:37,Safari/iOS,BR
1e620e08-a235-40f4-8243-eb1033cb53bf,2026-07-06 22:16:37,Firefox/Linux,DE
c88d1d7f-8316-4eae-82db-de764fca8d6f,2026-07-10 09:14:37,Safari/iOS,US
22a53db1-bcbe-4265-a0e0-de8b2be68249,2026-07-22 13:35:37,Safari/iOS,US
22a53db1-bcbe-4265-a0e0-de8b2be68249,2026-08-07 14:41:37,Chrome/Windows,US
12d9c69d-5244-44bb-8ecb-87fa26c3f743,2026-06-01 04:33:37,Firefox/Linux,DE
3d4ea4c5-4ee2-4a9e-ab53-7dab63f8cc87,2026-07-19 09:55:37,Safari/Mac,BR
695477b1-bbc1-427c-adc2-0409e679ffaf,2026-05-13 02:21:37,Safari/iOS,UK
695477b1-bbc1-427c-adc2-0409e679ffaf,2026-05-21 21:52:37,Safari/iOS,IN
2bcf2c79-fb74-4813-818e-693b3a8594cb,2026-07-01 09:43:37,Chrome/Windows,US
7ba156a9-0478-4c8c-8a72-25d96f329d16,2026-05-16 22:46:37,Safari/Mac,BR
7ba156a9-0478-4c8c-8a72-25d96f329d16,2026-06-23 19:51:37,Safari/iOS,CA
7ba156a9-0478-4c8c-8a72-25d96f329d16,2026-05-23 02:48:37,Chrome/Android,US
25bea0d8-834c-4b6c-8fb8-f6b66d2e441a,2026-05-12 20:34:37,Safari/Mac,DE
25bea0d8-834c-4b6c-8fb8-f6b66d2e441a,2026-07-15 23:01:37,Safari/iOS,CA
124e345e-9406-4347-8e3e-27f352a4af95,2026-07-03 18:36:37,Firefox/Linux,UK
124e345e-9406-4347-8e3e-27f352a4af95,2026-06-11 01:01:37,Safari/Mac,DE
