customer_id,payment_timestamp,amount_usd,status
068b54d7-7461-4d1c-885e-f5b43efed384,2026-06-14 05:15:37,244.4,refunded
068b54d7-7461-4d1c-885e-f5b43efed384,2026-06-16 00:31:37,88.7,success
5d1e924a-5232-4255-8df9-610e13465816,2026-06-03 08:51:37,78.81,refunded
c07c0a8a-bac0-47f9-b93d-57d61490a610,2026-08-08 16:29:37,296.83,failed
c07c0a8a-bac0-47f9-b93d-57d61490a610,2026-06-09 06:55:37,81.4,refunded
cfc0646f-0927-4e8e-b40f-75090340aa0a,2026-05-27 00:56:37,146.15,refunded
67855f87-2552-4273-9aff-1b2060638673,2026-07-26 17:28:37,276.73,success
14315c24-aa38-40f9-8eaa-bf5f242107d9,2026-05-14 05:54:37,240.92,refunded
592b837b-6df9-4267-8009-b8a7d1c63e01,2026-05-26 17:56:37,77.66,refunded
3cbddf97-c9ff-4701-a979-2d2d341aa8fc,2026-07-27 21:44:37,145.79,success
3cbddf97-c9ff-4701-a979-2d2d341aa8fc,2026-06-26 02:41:37,274.43,refunded
013b83f4-0c40-4a53-85f2-e2c165cac055,2026-05-29 06:22:37,196.43,success
7ac4c7f9-94a3-454b-afe5-0f5399679504,2026-05-16 18:35:37,124.95,success
7ac4c7f9-94a3-454b-afe5-0f5399679504,2026-06-22 13:08:37,209.41,refunded
fda5e6a2-9c88-4f0f-8f33-242b89edc6cb,2026-08-03 22:53:37,188.76,refunded
a37b8137-7b88-4273-b2ed-b9993192e791,2026-05-27 14:18:37,224.27,refunded
037ca95f-820c-4fdb-83a1-f491edd89c08,2026-07-07 03:16:37,242.55,failed
037ca95f-820c-4fdb-83a1-f491edd89c08,2026-08-10 21:16:37,201.52,refunded
0825a209-a5eb-4a14-a463-3b942d2b593a,2026-07-15 17:17:37,213.13,refunded
a974822d-cc71-48a4-b411-8127968af6f1,2026-06-13 17:05:38,141.61,success
4ac39e71-cab2-49d9-8b47-f57122404832,2026-08-05 12:22:38,43.68,failed
be0fff09-d876-4715-918d-6b6508f652eb,2026-07-02 00:27:38,71.38,failed
be0fff09-d876-4715-918d-6b6508f652eb,2026-06-13 02:03:38,99.15,refunded
bd7ab3f0-bffa-430c-ac66-9f2117926e9e,2026-07-21 13:31:38,287.05,failed
bd7ab3f0-bffa-430c-ac66-9f2117926e9e,2026-06-06 05:58:38,255.08,refunded
03507060-2553-4558-aa6c-a21aa72cb840,2026-06-11 14:23:38,136.19,failed
0535cffd-9b93-4556-bf6e-b70464a1628d,2026-06-18 20:51:38,154.8,failed
0535cffd-9b93-4556-bf6e-b70464a1628d,2026-07-19 22:41:38,11.0,success
c0efe1bc-4798-4944-b956-aa3845c7677a,2026-06-29 04:07:38,147.09,success
c0efe1bc-4798-4944-b956-aa3845c7677a,2026-05-19 12:23:38,74.41,failed
95d0a1a4-1c40-415e-b41d-cb1be763f447,2026-07-01 01:48:38,250.18,success
a74565ec-394a-44b5-93c1-f28e6a081d80,2026-07-09 02:05:38,126.48,success
a74565ec-394a-44b5-93c1-f28e6a081d80,2026-05-20 09:14:38,75.6,success
b23e7a6f-866d-43ed-a2ce-fc6e82acbfc2,2026-06-17 13:02:38,51.0,refunded
b23e7a6f-866d-43ed-a2ce-fc6e82acbfc2,2026-05-21 07:00:38,290.66,refunded
46739327-a118-4564-80fc-16ba39a18129,2026-07-19 02:34:38,30.49,refunded
41c3619a-656f-4349-9db4-04a990eaa15e,2026-07-15 02:55:38,59.49,success
41d4e7ce-b887-4117-a255-f6a3a39764e8,2026-07-23 07:39:38,201.95,success
41d4e7ce-b887-4117-a255-f6a3a39764e8,2026-06-23 13:58:38,96.54,success
dbf0c0e2-c5d1-411a-bbb2-f7944332f64d,2026-06-28 10:47:38,19.96,refunded
dbf0c0e2-c5d1-411a-bbb2-f7944332f64d,2026-07-25 17:02:38,230.5,success
defd667c-3b78-4283-9f80-5efc4cade554,2026-07-06 11:36:38,241.77,refunded
defd667c-3b78-4283-9f80-5efc4cade554,2026-05-13 06:40:38,45.46,success
64eb9d06-c46f-41e7-ba93-2cce0b1726b6,2026-07-10 04:01:38,165.15,refunded
64eb9d06-c46f-41e7-ba93-2cce0b1726b6,2026-08-08 03:33:38,21.44,refunded
9477c74b-fc76-42b8-b9af-7f66f0dd64b2,2026-05-14 19:49:38,56.49,refunded
9477c74b-fc76-42b8-b9af-7f66f0dd64b2,2026-06-25 17:41:38,197.79,refunded
fcb57156-0ce1-4205-8a90-edabdf0ad96e,2026-06-10 08:37:38,167.72,failed
fcb57156-0ce1-4205-8a90-edabdf0ad96e,2026-07-15 22:58:38,123.31,success
daf2d5c7-3576-45e8-8304-28ac337d2fd5,2026-07-14 12:20:38,74.09,refunded
daf2d5c7-3576-45e8-8304-28ac337d2fd5,2026-07-26 07:16:38,71.8,success
f9961985-6563-49ac-8fc5-ba6092d7f149,2026-06-15 03:51:38,287.62,refunded
f9961985-6563-49ac-8fc5-ba6092d7f149,2026-06-08 13:44:38,109.33,success
be2af142-ce1a-461b-955b-61be6a842be7,2026-05-30 04:24:38,254.31,failed
dd414b92-77a9-4ba7-a5b8-6b805733b6d4,2026-06-01 15:12:38,227.34,success
48ec32bc-1afa-485c-aa67-2d5da7703402,2026-05-28 15:11:38,47.46,success
d9dc0b2c-818a-4219-810a-e52bd02c4acd,2026-05-12 10:00:38,202.33,failed
d9dc0b2c-818a-4219-810a-e52bd02c4acd,2026-06-10 00:09:38,125.21,success
f94f0ba4-f238-4394-b918-cc72ec9f70bc,2026-08-04 09:09:38,100.92,success
f94f0ba4-f238-4394-b918-cc72ec9f70bc,2026-07-05 20:03:38,202.72,success
ba67eb55-7b78-41ef-9db8-37c403ae2cc0,2026-05-21 16:28:38,161.79,success
2a4101c1-20b2-499b-8a31-bc86192f0767,2026-07-13 20:40:38,214.06,refunded
5f4f3a88-95e4-4499-98ca-0f37197e7d47,2026-06-23 20:02:38,199.68,success
0fa0b474-6adb-4723-8acc-899fbd69e615,2026-06-19 08:48:38,42.55,success
caef9733-6f7f-4503-9660-8c35495f765c,2026-07-03 15:16:38,102.89,success
9072261a-644c-4b21-9b65-d74971291e88,2026-06-06 06:37:38,205.23,failed
8dcff16d-9d50-4ba5-a7e1-3cfb997f089f,2026-07-30 15:19:38,216.03,success
b1550860-620e-485d-b8d6-6e9ef02d96a4,2026-08-01 07:12:38,168.86,success
7dc0c175-44a1-44c5-bebe-d28d3c2b4aca,2026-07-28 02:15:38,158.5,failed
7dc0c175-44a1-44c5-bebe-d28d3c2b4aca,2026-05-13 09:11:38,144.8,refunded
4dda9424-bed7-4762-a510-6ac32dc692f3,2026-07-03 17:14:38,118.8,refunded
4dda9424-bed7-4762-a510-6ac32dc692f3,2026-06-22 06:57:38,130.99,success
18680669-ddb4-47ef-9151-a24ec993f075,2026-06-07 15:01:38,90.15,failed
18680669-ddb4-47ef-9151-a24ec993f075,2026-08-09 21:46:38,215.41,success
0b27d8e2-ee30-40f0-8752-251df023674e,2026-05-25 02:48:38,173.47,success
121c3215-7ba2-4984-90ae-7eec5fc9c6ca,2026-06-26 10:42:38,15.04,success
121c3215-7ba2-4984-90ae-7eec5fc9c6ca,2026-07-29 22:10:38,290.59,success
c6a10a5d-eb98-4cf5-bbee-344d85e75500,2026-08-08 08:37:38,235.45,refunded
c6a10a5d-eb98-4cf5-bbee-344d85e75500,2026-06-30 23:40:38,11.87,success
42c1999c-562f-4287-aa3f-2c4b7bc2616e,2026-05-25 17:06:38,130.21,refunded
42c1999c-562f-4287-aa3f-2c4b7bc2616e,2026-06-28 03:33:38,63.08,failed
e8f8e13b-0df2-426b-ae14-85a0f22503eb,2026-06-18 19:10:38,45.17,success
e8f8e13b-0df2-426b-ae14-85a0f22503eb,2026-05-31 00:59:38,59.34,failed
e50536fe-971f-4140-a68a-679bd25fde32,2026-06-01 18:13:38,214.81,refunded
e50536fe-971f-4140-a68a-679bd25fde32,2026-06-14 18:34:38,10.45,failed
c3c131d4-3407-4cd1-b37f-1f299c36096a,2026-08-05 21:09:38,284.91,failed
59484897-fdc8-44c0-a6ee-020ffb371306,2026-06-03 04:54:38,297.11,failed
59484897-fdc8-44c0-a6ee-020ffb371306,2026-06-18 17:40:38,161.57,refunded
b5783987-2cb1-4508-b836-b346df6fff76,2026-07-16 18:28:38,230.0,failed
b5783987-2cb1-4508-b836-b346df6fff76,2026-05-23 23:05:38,19.55,success
16dcfca0-b78e-4fcc-b2b0-80fafc998620,2026-05-27 19:07:38,27.11,success
d6616808-7a72-4f5c-8d16-274ef16368e2,2026-07-24 20:26:38,26.4,refunded
d6616808-7a72-4f5c-8d16-274ef16368e2,2026-07-10 02:12:38,72.07,refunded
b3f01b66-2c6b-4677-b5e9-9b640179d694,2026-08-09 16:04:38,241.0,success
b3f01b66-2c6b-4677-b5e9-9b640179d694,2026-06-09 20:28:38,12.22,failed
d79d9751-cff8-4201-b5e6-7883566fd3ee,2026-06-05 18:28:38,64.83,failed
d79d9751-cff8-4201-b5e6-7883566fd3ee,2026-05-15 03:58:38,75.54,failed
31943c00-6222-475b-b8e5-f73b716ac78b,2026-06-25 17:56:38,268.43,failed
31943c00-6222-475b-b8e5-f73b716ac78b,2026-07-14 09:06:38,151.5,failed
f1c180b9-6c66-416f-9809-f6cc0ddac29c,2026-05-31 18:45:38,39.45,failed
f1c180b9-6c66-416f-9809-f6cc0ddac29c,2026-06-05 14:39:38,187.36,success
de1c52c7-2bf7-412d-8e6d-a14ec99cb15a,2026-07-18 01:19:38,115.48,success
de1c52c7-2bf7-412d-8e6d-a14ec99cb15a,2026-07-25 01:00:38,238.42,failed
42df406b-5018-4643-8da1-96237a0014c0,2026-08-09 02:44:38,98.85,failed
42df406b-5018-4643-8da1-96237a0014c0,2026-07-29 03:06:38,174.86,success
8f4ee33d-3a1c-4756-a7c3-8bd174cc43ad,2026-06-10 20:36:38,61.61,failed
17d10c92-8ca7-45d3-9645-6164b087b857,2026-06-18 09:55:38,175.76,success
dfe79a11-1f47-4fdd-ada4-30baa3650d6d,2026-07-06 05:45:38,218.42,failed
a1974816-6b40-4638-8bea-78a554f15522,2026-07-22 19:36:38,210.79,success
1fb10d61-95bf-49c3-b0c9-d899d0928f51,2026-05-22 19:11:38,283.2,success
1fb10d61-95bf-49c3-b0c9-d899d0928f51,2026-06-05 08:29:38,280.58,success
d0cf61f5-b66a-4dc1-91fe-5659ab632c05,2026-06-10 06:41:38,188.18,success
e13cd79e-4a38-43df-8feb-c6fd37395555,2026-08-08 08:07:38,82.12,success
e13cd79e-4a38-43df-8feb-c6fd37395555,2026-05-28 14:18:38,291.57,failed
1a587a8b-7c97-46f1-a686-98e8100a0e57,2026-07-29 00:51:38,108.01,refunded
1a587a8b-7c97-46f1-a686-98e8100a0e57,2026-05-13 08:07:38,214.34,refunded
d3adb152-4372-4527-8380-280ee3c6615b,2026-08-03 14:27:38,73.5,success
f77b5305-e15f-4452-8775-a9532110d202,2026-06-14 18:42:38,11.7,success
f77b5305-e15f-4452-8775-a9532110d202,2026-07-08 19:33:38,107.75,failed
c5ebcc1c-8e44-4de7-9279-411c086cb099,2026-07-09 19:04:38,134.31,failed
c5ebcc1c-8e44-4de7-9279-411c086cb099,2026-06-29 07:53:38,121.35,refunded
7297e1af-1323-4611-a023-3a004778f01d,2026-07-17 09:38:38,207.7,success
c59fafcf-609a-4fdc-8568-85371412048d,2026-06-14 07:03:38,214.37,refunded
c59fafcf-609a-4fdc-8568-85371412048d,2026-07-24 17:51:38,46.74,failed
7f32dff9-a7ed-43f4-9c6d-1af86b6bdf17,2026-05-18 17:40:38,161.9,failed
7f32dff9-a7ed-43f4-9c6d-1af86b6bdf17,2026-07-29 08:01:38,191.96,refunded
fe2c857c-6537-4b90-aa2b-d17d61757993,2026-06-21 19:48:38,49.84,success
efee253f-8fa9-4b80-8599-6d0e36995175,2026-06-02 01:16:38,58.11,refunded
db1cc72c-6040-43bb-91c7-c5cee0103a56,2026-08-10 18:47:38,150.01,refunded
db1cc72c-6040-43bb-91c7-c5cee0103a56,2026-08-02 21:08:38,169.63,failed
085f267c-5aec-47f4-bdc8-a54f576c9e11,2026-05-21 05:06:38,237.65,failed
85d1a2ad-8500-46d0-a9d7-c1d29f568c44,2026-07-23 06:29:38,86.71,failed
e49c9672-c4d2-4391-9e7c-8a54df1a2111,2026-08-03 17:35:38,235.95,success
e49c9672-c4d2-4391-9e7c-8a54df1a2111,2026-06-30 16:03:38,173.75,refunded
a8289053-ddea-48c9-bdbc-cc3404ecc4ad,2026-05-29 14:04:38,222.45,failed
a8289053-ddea-48c9-bdbc-cc3404ecc4ad,2026-07-03 12:05:38,271.01,failed
bc94e14c-e685-4de8-a7f1-488a650cc27b,2026-06-04 13:19:38,119.67,failed
8c492ebc-9ae4-4584-9dd5-55b727721446,2026-06-21 21:10:38,198.17,success
8c492ebc-9ae4-4584-9dd5-55b727721446,2026-06-29 02:17:38,36.3,success
ea412d7c-ef49-4da8-b79b-2e8b8089d6f5,2026-08-08 01:25:38,193.63,success
ea412d7c-ef49-4da8-b79b-2e8b8089d6f5,2026-07-05 03:12:38,263.73,failed
80bf349a-fddb-4d6d-a72a-50f62294a2b9,2026-08-03 02:05:38,106.81,refunded
cb555db3-d9b2-4e3a-884f-a04528d68b39,2026-07-20 02:18:38,48.48,refunded
539b7a50-b826-45f3-b1ba-2d2c87145839,2026-05-14 23:16:38,49.88,failed
539b7a50-b826-45f3-b1ba-2d2c87145839,2026-05-23 12:44:38,130.04,refunded
96962aac-209b-4579-a33f-e99dfcaf7c1a,2026-06-03 23:50:38,120.79,refunded
96962aac-209b-4579-a33f-e99dfcaf7c1a,2026-08-09 02:18:38,197.53,success
08ec70b7-b329-4db8-aa16-d1b3736a4d4f,2026-07-20 19:12:38,140.85,failed
08ec70b7-b329-4db8-aa16-d1b3736a4d4f,2026-06-25 06:35:38,143.17,success
5bd76019-bd81-439c-a3f1-e655874f91b3,2026-08-05 00:32:38,122.37,refunded
5bd76019-bd81-439c-a3f1-e655874f91b3,2026-07-05 18:31:38,29.45,success
e1569e2f-da67-4cde-8c76-661fa1de70f6,2026-05-28 04:24:38,46.44,success
e1569e2f-da67-4cde-8c76-661fa1de70f6,2026-06-24 04:17:38,137.98,failed
473aa375-9d3a-4b52-b512-6070c6dbfe69,2026-05-17 09:48:38,41.51,failed
8f321092-cb86-4a84-bee2-a5343b536e13,2026-07-25 05:22:38,76.14,failed
8f321092-cb86-4a84-bee2-a5343b536e13,2026-05-12 12:45:38,130.95,refunded
98221bc5-307f-424f-9d94-e3b6b02d2d05,2026-06-11 14:40:38,265.23,failed
69e54cab-6f52-45f4-a802-7d0e7296b713,2026-07-21 04:52:38,298.45,success
e21cd418-0533-4a73-8b11-60d01aa12377,2026-05-24 00:48:38,40.19,failed
249aa8d3-5aad-4b19-9e0b-66f79a9d7be9,2026-07-02 09:31:38,221.55,refunded
249aa8d3-5aad-4b19-9e0b-66f79a9d7be9,2026-05-24 00:26:38,179.33,success
615bf6c9-1290-4266-9221-2671e5c8b8f9,2026-06-26 02:37:38,297.97,failed
615bf6c9-1290-4266-9221-2671e5c8b8f9,2026-05-27 19:19:38,99.13,refunded
27bca0d5-7bcc-4fe5-bf93-c955241c6816,2026-06-12 01:55:38,36.56,failed
d37576da-7128-4d3c-9d01-c5ffb7bd378f,2026-06-25 22:04:38,249.71,success
d37576da-7128-4d3c-9d01-c5ffb7bd378f,2026-06-03 21:38:38,11.03,refunded
58d7c51e-ce39-4383-8abb-9d778aacc71a,2026-06-27 09:40:38,297.01,failed
58d7c51e-ce39-4383-8abb-9d778aacc71a,2026-06-14 00:48:38,213.82,success
703e8cb1-b47a-444c-bcba-ff1dfdbff520,2026-06-10 07:40:38,250.08,refunded
703e8cb1-b47a-444c-bcba-ff1dfdbff520,2026-06-10 16:39:38,242.13,failed
3526f839-9868-470c-ae9b-51b3d474061d,2026-06-11 15:18:38,206.01,refunded
3526f839-9868-470c-ae9b-51b3d474061d,2026-06-10 23:12:38,234.15,failed
60983901-ce29-49f4-8e78-0a4696176dd0,2026-08-10 11:02:38,234.52,failed
60983901-ce29-49f4-8e78-0a4696176dd0,2026-06-27 19:52:38,184.35,success
91a5c6b0-8da6-4d98-9a42-ab595e99ca31,2026-06-06 06:50:38,267.47,refunded
91a5c6b0-8da6-4d98-9a42-ab595e99ca31,2026-07-14 22:03:38,126.26,success
135d8981-3395-448e-8dd0-39f625467fee,2026-06-18 14:42:38,65.47,refunded
135d8981-3395-448e-8dd0-39f625467fee,2026-07-22 09:54:38,72.1,failed
53fefe35-4515-4a8f-b0ec-f1b7bd66b58a,2026-06-06 21:59:38,150.95,failed
53fefe35-4515-4a8f-b0ec-f1b7bd66b58a,2026-06-17 18:09:38,77.94,refunded
5008f124-cd85-418d-a649-4170dc2bd022,2026-07-12 08:25:38,187.53,refunded
ff7a9a15-73f2-48b4-9ecb-b27bf8d4d79a,2026-07-03 14:06:38,65.56,failed
ff7a9a15-73f2-48b4-9ecb-b27bf8d4d79a,2026-05-28 13:02:38,297.99,failed
91a68053-0621-48f1-a8d8-d476a73915f5,2026-08-10 23:52:38,15.18,success
0c7eaec9-ff53-4b30-9c35-21ae38d7e8dd,2026-05-18 21:18:38,295.31,failed
0b9b5227-b604-43a1-8db7-479f8eb6704e,2026-07-10 21:58:38,130.76,failed
0b9b5227-b604-43a1-8db7-479f8eb6704e,2026-06-29 05:23:38,68.34,refunded
0d5c3971-f433-43a5-817c-a3c09f9fb51a,2026-07-19 06:59:38,238.92,refunded
0016b14c-da3e-41a0-ace3-2571d8f28e6f,2026-07-24 20:52:38,153.78,success
0016b14c-da3e-41a0-ace3-2571d8f28e6f,2026-07-10 05:55:38,162.77,refunded
cfd07111-4eb2-4740-8f59-8c133b09080f,2026-05-21 12:38:38,292.56,failed
cfd07111-4eb2-4740-8f59-8c133b09080f,2026-05-12 15:32:38,62.55,refunded
7cca8ae0-53c9-410c-b1b9-c0dec6ca92b1,2026-06-30 10:33:38,183.51,failed
875ba1c3-11a9-40c3-93d9-d87d50d35650,2026-05-20 21:37:38,18.18,success
9bdd9228-457b-447f-8cf9-0ec16036396d,2026-05-15 16:06:38,272.05,success
9bdd9228-457b-447f-8cf9-0ec16036396d,2026-06-04 20:10:38,175.33,failed
1baaac13-2a06-479b-be24-5aa54960f5fb,2026-06-19 14:38:38,11.79,refunded
7f78655b-db3c-449b-8051-633d1a3b1326,2026-06-19 14:59:38,249.8,success
9c022bb1-f506-445f-b465-289ff95b0b04,2026-07-15 00:37:38,81.88,success
9c022bb1-f506-445f-b465-289ff95b0b04,2026-07-29 00:32:38,100.93,refunded
c9cfed25-fbcd-407c-be1f-e2807b39b8eb,2026-06-15 00:45:38,117.18,refunded
e1cac510-73fd-4c73-bd54-e924f707883d,2026-06-26 12:15:38,52.6,success
e1cac510-73fd-4c73-bd54-e924f707883d,2026-06-17 15:18:38,218.9,success
86597ebe-ceb6-410a-8e40-32f2d19dbc5c,2026-07-01 12:28:38,28.0,success
bbb8a3a7-3f0e-46fb-af82-1361f14860d0,2026-07-21 21:23:38,215.79,success
17e44e32-d680-43df-a315-56a62f5a5427,2026-08-06 13:20:38,178.42,refunded
17e44e32-d680-43df-a315-56a62f5a5427,2026-06-07 12:50:38,153.02,failed
bb7b8799-c20b-4adc-bbe3-1629da49beff,2026-06-20 15:06:38,164.16,failed
bb7b8799-c20b-4adc-bbe3-1629da49beff,2026-06-27 23:22:38,261.3,success
72c19964-af42-4b50-9861-ee9c6a6a9dd4,2026-06-26 10:37:38,197.29,success
36c5678e-3c45-43f8-972b-722d65afd899,2026-07-27 15:11:38,233.25,success
36c5678e-3c45-43f8-972b-722d65afd899,2026-05-23 18:08:38,63.38,refunded
dc7929cc-2b6a-4df0-8d47-93f9fa8c3bdb,2026-06-11 02:14:38,96.9,failed
26730da4-ea57-44d0-9e7c-79f01d310151,2026-06-21 19:03:38,67.35,failed
26730da4-ea57-44d0-9e7c-79f01d310151,2026-05-22 18:44:38,235.39,refunded
db4fcea1-9de1-4a65-838b-cb213b9a8c88,2026-05-14 00:16:38,150.33,success
53de08f4-a3d4-4d29-a10e-e067e61f9bba,2026-05-14 13:17:38,124.45,refunded
313a1c9f-4350-4dab-ac84-533dee477503,2026-07-08 18:33:38,91.43,refunded
313a1c9f-4350-4dab-ac84-533dee477503,2026-08-04 10:34:38,152.11,failed
f918ebe8-67d7-4789-b78a-aa636c06bfc3,2026-06-02 07:42:38,181.87,refunded
211d3459-3e07-49db-87e5-ab7a448182e0,2026-06-13 20:43:38,262.06,failed
211d3459-3e07-49db-87e5-ab7a448182e0,2026-07-15 15:54:38,179.2,failed
19875afd-006a-4450-863a-59f33c10a2c3,2026-05-19 01:21:38,155.41,refunded
33cce1ba-ecf0-4359-ac07-b54e9eecae6e,2026-07-13 03:21:38,245.09,success
d0338ae2-1ff0-4220-a852-ed3380546cf3,2026-05-31 14:02:38,42.44,success
6efa0660-5985-4619-8ea2-83c1cc034bf3,2026-08-01 22:51:38,56.49,refunded
ee6794ab-6efb-43bb-b8b2-f5f44e2c48a4,2026-07-14 09:43:38,48.52,success
ee6794ab-6efb-43bb-b8b2-f5f44e2c48a4,2026-06-02 23:20:38,107.7,refunded
a50b9974-8468-472d-b526-b64f2a9a0e0c,2026-06-05 01:26:38,35.51,success
010492b3-561f-42e6-863c-40523d750ff8,2026-07-22 21:39:38,298.66,success
fbd64070-8df0-48ce-bdad-4b8496dd8cd7,2026-06-06 23:10:38,29.82,success
91534361-0492-4f05-b189-acb52d0270b6,2026-05-19 12:19:38,287.42,success
bdb4942a-d3a4-4f3c-a0ce-584ba56cb2e4,2026-06-29 20:47:38,157.41,success
850cc9fe-84bc-42e4-bcd8-39ecc9451df0,2026-08-05 01:43:38,18.1,success
850cc9fe-84bc-42e4-bcd8-39ecc9451df0,2026-06-07 04:50:38,58.1,success
e54405e8-2273-4aa3-a3a0-76ae8b87acd3,2026-05-19 02:05:38,33.43,refunded
e54405e8-2273-4aa3-a3a0-76ae8b87acd3,2026-07-28 10:26:38,91.25,success
02289e0c-0c3b-4fb5-96f0-4342cdfdd468,2026-06-08 01:11:38,22.75,failed
02289e0c-0c3b-4fb5-96f0-4342cdfdd468,2026-08-01 11:59:38,47.68,success
83c4a0f7-8c63-4423-b9a3-96ba79228e41,2026-06-25 20:42:38,294.23,refunded
83c4a0f7-8c63-4423-b9a3-96ba79228e41,2026-07-06 05:50:38,287.11,refunded
4a09500b-e74b-498c-b3e9-f4121aad6276,2026-06-14 12:51:38,15.73,refunded
908bb014-37eb-4cdf-85d1-5b1cc4591cfd,2026-07-20 02:58:38,36.61,success
908bb014-37eb-4cdf-85d1-5b1cc4591cfd,2026-07-02 15:56:38,39.79,failed
7ac6f200-4d29-4af6-ad22-80977e639544,2026-07-14 09:54:38,133.2,success
7ac6f200-4d29-4af6-ad22-80977e639544,2026-06-17 14:14:38,258.81,refunded
5b68946d-4891-4dbe-b02e-edffd5f8a911,2026-08-06 09:07:38,95.98,success
5b68946d-4891-4dbe-b02e-edffd5f8a911,2026-05-20 12:58:38,283.24,success
d2b63b2e-0bd8-4c56-8f8a-56bc0aa5dff2,2026-07-25 17:05:38,202.26,success
d2b63b2e-0bd8-4c56-8f8a-56bc0aa5dff2,2026-07-02 03:54:38,194.98,failed
fb23c75a-9a6a-420f-800c-048de923ca0f,2026-06-19 18:11:38,155.04,success
fb23c75a-9a6a-420f-800c-048de923ca0f,2026-07-03 10:19:38,174.04,failed
052927fe-e69b-49e9-8ad4-7ee349444c0d,2026-06-02 15:54:38,21.71,success
bff7488c-0696-4075-95d7-540a0fa37145,2026-05-19 20:42:38,52.66,failed
820054d9-3750-4844-b63e-eccec0e6218c,2026-06-23 08:57:38,124.62,refunded
1d0e978c-94ba-45d1-a26a-f2a6dff4f2ce,2026-06-14 17:15:38,42.56,refunded
78ba00dd-6803-467e-a0a3-682f4aa69621,2026-05-31 08:02:38,42.98,refunded
44f3f0db-f0ac-49f2-b3f0-1dc928513bd9,2026-07-16 19:06:38,41.34,success
44f3f0db-f0ac-49f2-b3f0-1dc928513bd9,2026-05-17 12:03:38,293.82,failed
f410650a-8634-458a-bfdd-c4a3f1275c88,2026-05-15 16:22:38,210.86,success
f410650a-8634-458a-bfdd-c4a3f1275c88,2026-06-07 22:23:38,213.14,failed
2c25ac06-317b-47f3-8149-024857ff9e87,2026-07-20 12:20:38,285.29,refunded
2aeb78ea-16f0-4636-9e9e-99a01bd7a560,2026-06-03 06:28:38,219.73,success
2aeb78ea-16f0-4636-9e9e-99a01bd7a560,2026-06-16 10:43:38,51.86,refunded
3d00d11f-5cd9-49df-a7c8-b6f8b4fdb6e9,2026-07-16 13:16:38,168.27,refunded
71e95291-2b7a-4b4e-80f3-93cf106882c6,2026-05-23 18:24:38,251.44,refunded
1c973d1c-1e5e-4c70-ad59-c12e5b298a5a,2026-06-29 20:53:38,258.63,refunded
1e480f8e-63ac-46b2-8a02-e020d593d2c3,2026-06-04 16:52:38,133.73,success
1e480f8e-63ac-46b2-8a02-e020d593d2c3,2026-07-28 13:56:38,235.27,refunded
096fede7-8470-4f83-9ee6-a2b77cdc31e5,2026-06-20 19:18:38,24.19,success
096fede7-8470-4f83-9ee6-a2b77cdc31e5,2026-06-21 23:37:38,238.04,success
53547069-1f7d-4f62-af34-8438b2ece131,2026-07-08 23:27:38,160.1,refunded
4b9b4d68-57bc-432a-b79f-ce6232a85ce9,2026-06-30 10:13:38,239.13,refunded
55690ebe-24d8-4af3-8336-d6358141ae5e,2026-05-13 12:18:38,46.79,success
4014fac9-3fb8-438b-a2d7-417d00e9c5bf,2026-07-06 20:38:38,169.98,refunded
38ecfe94-16ff-4a89-a2f3-3eb5e1cf1465,2026-07-27 09:28:38,30.21,failed
38ecfe94-16ff-4a89-a2f3-3eb5e1cf1465,2026-06-28 23:05:38,36.26,failed
3119857e-e2a0-4af9-ac88-a94694d76a59,2026-07-20 05:27:38,290.52,refunded
3119857e-e2a0-4af9-ac88-a94694d76a59,2026-08-07 22:05:38,179.2,success
f92e7db1-ecd1-4779-b04a-9d8240d5f642,2026-05-26 20:29:38,131.1,refunded
492bbf3f-4043-46b4-a22f-fd6e4190202c,2026-06-19 05:01:38,230.75,refunded
492bbf3f-4043-46b4-a22f-fd6e4190202c,2026-05-15 15:39:38,225.27,success
6b0f1a5f-0b23-460a-a6e2-18278bbfd89d,2026-05-15 04:58:38,264.54,refunded
bdbab6cc-9b70-48aa-8336-d5118e9bd568,2026-05-16 15:44:38,291.11,refunded
bdbab6cc-9b70-48aa-8336-d5118e9bd568,2026-05-17 22:33:38,141.89,refunded
4014fc73-ed35-439a-8f13-1b63d8fcd478,2026-06-19 04:52:38,61.87,failed
4014fc73-ed35-439a-8f13-1b63d8fcd478,2026-06-06 05:39:38,60.15,success
a7e729c0-15bc-426c-b4c4-c93d29417be1,2026-05-30 14:18:38,123.76,refunded
ad95ae0f-688a-4ba4-b6ba-943aac9bbd32,2026-06-11 23:48:38,233.53,refunded
ed207729-f304-4311-b3e1-92ce26cca057,2026-07-25 06:11:38,52.02,failed
ed207729-f304-4311-b3e1-92ce26cca057,2026-05-16 17:54:38,268.14,success
cea071c6-1042-4e0c-80d3-c631e7667b0a,2026-06-20 22:18:38,230.16,failed
55b16f89-e750-4cef-a356-d343c927d6fc,2026-06-04 15:55:38,98.76,failed
55b16f89-e750-4cef-a356-d343c927d6fc,2026-05-26 12:43:38,180.98,failed
16982188-2221-4667-8751-908a7cfdb252,2026-05-24 21:04:38,137.95,success
16982188-2221-4667-8751-908a7cfdb252,2026-05-30 07:48:38,106.67,failed
f0f9dcb3-3c85-4353-ab0f-340d2126e6fd,2026-07-24 07:24:38,32.32,success
e08ef5d0-24ca-4ef2-a4ca-696cf3235c67,2026-06-18 03:11:38,294.1,success
f892ad4a-f585-4a48-8d7d-e1ab91fb4c1c,2026-05-30 00:36:38,264.49,failed
87ad18db-dee3-4d64-8483-f6938628429c,2026-06-21 04:23:38,179.85,success
87ad18db-dee3-4d64-8483-f6938628429c,2026-07-05 13:27:38,135.88,refunded
7ac174b7-e5dd-4be7-9052-26fb56475ad8,2026-06-18 01:02:38,214.27,success
fe378c17-da89-4670-9d11-ecdb8a653d9a,2026-07-19 21:51:38,174.37,success
99c2b496-a92f-4c7e-9b4e-13b74110b449,2026-06-11 16:47:38,114.68,success
99c2b496-a92f-4c7e-9b4e-13b74110b449,2026-05-13 05:45:38,86.06,success
fe7908da-c045-48aa-a1d0-73689acae60a,2026-06-01 16:37:38,127.75,refunded
62cd94d9-91c5-4616-b29b-eed3fedd2fe3,2026-07-02 08:29:38,66.96,refunded
e03cd796-6401-4196-ba28-626c02978bdd,2026-06-22 19:29:38,172.85,refunded
e03cd796-6401-4196-ba28-626c02978bdd,2026-05-31 01:51:38,97.14,failed
dda255c2-2f55-4ce9-aab1-2ffdb1f5027c,2026-05-17 11:03:38,271.99,failed
dda255c2-2f55-4ce9-aab1-2ffdb1f5027c,2026-06-07 19:42:38,248.45,refunded
df5d3d3e-9bd9-48d3-b203-847e6d2edd1a,2026-06-11 11:45:38,95.23,success
df5d3d3e-9bd9-48d3-b203-847e6d2edd1a,2026-06-19 01:16:38,218.83,refunded
e2f47540-f9fc-4405-bdd0-11c2ff84135d,2026-06-17 20:06:38,27.97,success
e2f47540-f9fc-4405-bdd0-11c2ff84135d,2026-07-09 12:04:38,136.07,failed
1fde5ab1-0bca-420d-9682-8450f11ca7ee,2026-08-08 02:48:38,225.96,failed
1fde5ab1-0bca-420d-9682-8450f11ca7ee,2026-07-02 16:17:38,294.07,success
eff03bc1-1da6-4b5f-8867-a0eb7670a49f,2026-06-20 15:15:38,136.34,success
eff03bc1-1da6-4b5f-8867-a0eb7670a49f,2026-07-23 05:43:38,177.29,failed
9ceb3eb2-913e-4b50-98bb-122fc6ed2d75,2026-06-13 00:21:38,58.66,refunded
9ceb3eb2-913e-4b50-98bb-122fc6ed2d75,2026-05-23 07:49:38,291.19,success
4adb86d9-01ca-4b99-8c91-afa01de20d69,2026-08-10 00:49:38,114.69,failed
3b323003-07ec-4d70-8aa7-2c46d335e59d,2026-07-30 06:13:38,35.96,failed
3b323003-07ec-4d70-8aa7-2c46d335e59d,2026-06-02 22:45:38,138.02,refunded
371fe871-e8da-474c-bbe3-bb490956f755,2026-06-11 01:45:38,69.69,success
6782fab3-4eed-4944-95f9-c85df3bc8194,2026-06-16 21:03:38,194.26,success
6782fab3-4eed-4944-95f9-c85df3bc8194,2026-05-21 05:06:38,216.81,success
f2ae89c4-a827-4233-b41c-3caeb9f9dec6,2026-05-17 23:33:38,21.11,failed
f2ae89c4-a827-4233-b41c-3caeb9f9dec6,2026-06-27 12:14:38,127.87,failed
5deae017-a857-42ba-b651-657ef79a5537,2026-07-11 14:05:38,261.13,failed
5deae017-a857-42ba-b651-657ef79a5537,2026-06-30 04:20:38,154.99,refunded
22818bbe-064d-4d8b-8f1d-da33007891a7,2026-05-16 12:07:38,60.29,refunded
22818bbe-064d-4d8b-8f1d-da33007891a7,2026-06-15 00:51:38,232.3,refunded
f0f280c1-1c58-4842-8473-0713d1f61afb,2026-05-30 21:28:38,67.31,success
c16aabd1-a0b5-46a3-b09c-4aa0cbee9151,2026-07-13 15:24:38,188.34,success
462c8b4f-2d39-4e99-a696-243c79b2f11c,2026-05-20 13:08:38,197.03,failed
c7dc4454-be5b-4ac6-a3b4-26abb1689d8a,2026-07-12 17:04:38,101.92,refunded
c7dc4454-be5b-4ac6-a3b4-26abb1689d8a,2026-05-17 05:56:38,233.5,success
6cb486d1-2886-4ea6-9262-4d7b77a0819f,2026-06-30 08:52:38,126.83,refunded
6cb486d1-2886-4ea6-9262-4d7b77a0819f,2026-06-16 14:17:38,95.62,failed
39f6238b-4460-4738-a16e-b0bcc13856e0,2026-06-27 14:09:38,144.13,success
94defea5-d7f5-4b8f-a73a-03cb3b860038,2026-06-11 21:33:38,134.43,refunded
3767c349-abcf-40fc-adfb-903c72267f4b,2026-07-04 14:06:38,269.26,failed
3767c349-abcf-40fc-adfb-903c72267f4b,2026-08-11 06:41:38,12.79,failed
1f7378c3-7ac3-461d-97ad-5ed2426ab696,2026-05-22 19:31:38,17.69,success
1f7378c3-7ac3-461d-97ad-5ed2426ab696,2026-08-10 17:52:38,228.71,failed
faa5dbb9-de69-4a65-91fa-2fc9f902f862,2026-05-13 18:46:38,175.26,success
faa5dbb9-de69-4a65-91fa-2fc9f902f862,2026-05-21 00:09:38,78.09,failed
0f636b3d-c57b-47af-a845-f4857b75249d,2026-07-04 10:43:38,135.28,success
863a3867-fcd6-446b-9d56-a49f10a29d6f,2026-08-07 11:58:38,90.41,refunded
4f6b72f2-ec08-4d53-9d36-693810d268b5,2026-07-21 09:07:38,179.11,failed
4f6b72f2-ec08-4d53-9d36-693810d268b5,2026-05-22 14:16:38,132.39,success
a96b016e-7bb9-4a84-9f1f-5c5a14176804,2026-06-26 23:18:38,233.2,refunded
bbbda215-b464-4013-88d7-f1be2961d5e7,2026-05-17 06:56:38,144.6,success
b2b1d687-2133-46b0-9a06-0429b934f99c,2026-07-19 21:23:38,231.22,success
b0cd1707-4270-4ba7-9464-c1b86ea9286b,2026-05-15 16:22:38,104.83,success
b0cd1707-4270-4ba7-9464-c1b86ea9286b,2026-05-13 04:39:38,264.44,success
d9bdfe0d-720e-4cbb-b836-d1d068c3bedf,2026-05-23 06:17:38,291.4,refunded
d9bdfe0d-720e-4cbb-b836-d1d068c3bedf,2026-06-30 03:54:38,217.87,failed
34d1eac0-1f76-4ea4-a59b-a82ca2388edd,2026-05-14 06:05:38,75.25,failed
178f73c7-a79a-4459-8631-b9e27e3274e2,2026-06-13 06:04:38,246.82,refunded
33ab11ed-9f50-4197-92d3-25bb7313153e,2026-06-29 10:53:38,73.23,failed
33ab11ed-9f50-4197-92d3-25bb7313153e,2026-07-26 15:21:38,78.79,failed
54c2994e-2779-4f53-83a8-96ea0e0f5ed3,2026-07-16 11:03:38,210.54,refunded
a0334960-03de-416e-89f6-25813bd944fc,2026-07-25 02:46:38,44.42,refunded
c0398004-897b-4fa3-a303-b7045c80175d,2026-07-24 11:32:38,167.67,success
d01412f9-cda5-4c33-95fa-b4c4b7863fca,2026-05-19 17:34:38,93.33,success
d01412f9-cda5-4c33-95fa-b4c4b7863fca,2026-06-13 11:01:38,202.07,refunded
629ce6eb-439d-497c-a38f-0e94f0a8b912,2026-06-13 21:51:38,290.06,success
c95cf20f-9ee0-466e-88c5-531e906feaa4,2026-07-03 16:22:38,158.62,refunded
e6930d54-a940-44f6-b4d0-af5174184858,2026-07-19 17:59:38,121.36,failed
e6930d54-a940-44f6-b4d0-af5174184858,2026-07-09 19:52:38,70.53,failed
51177bd7-7753-4123-b6f4-70aea9f2ecd2,2026-05-23 02:30:38,219.23,failed
51177bd7-7753-4123-b6f4-70aea9f2ecd2,2026-06-06 20:27:38,145.2,success
a1e42acc-34fe-49db-866b-9d4e5c6ad4c2,2026-05-14 21:50:38,94.01,failed
a1e42acc-34fe-49db-866b-9d4e5c6ad4c2,2026-08-07 12:21:38,160.88,refunded
ae57df1c-e886-4e78-97b8-db45dd844100,2026-05-16 01:15:38,125.48,success
d4a30053-d626-4b34-adc4-72765920e868,2026-06-19 22:29:38,277.3,refunded
d4a30053-d626-4b34-adc4-72765920e868,2026-06-12 13:42:38,184.38,failed
e29e8568-6743-46e5-8818-4b36b9a669f3,2026-07-22 17:23:38,159.09,success
e8c2cc02-0183-4b44-b5b1-652478450123,2026-06-15 06:30:38,160.39,success
e8c2cc02-0183-4b44-b5b1-652478450123,2026-05-20 10:28:38,47.7,failed
0d088a1a-1a8c-47bc-b1e3-2883567c8d57,2026-06-29 10:14:38,119.58,refunded
0d088a1a-1a8c-47bc-b1e3-2883567c8d57,2026-05-29 15:05:38,260.49,success
247162ce-3d2f-42d6-8137-18cef4c9bca7,2026-07-01 22:21:38,103.39,success
be8c5181-2071-426c-8fa9-914887b56150,2026-06-12 17:19:38,66.75,success
be8c5181-2071-426c-8fa9-914887b56150,2026-08-02 16:41:38,173.39,refunded
cd4831fa-dc93-4c2e-8342-f4668c99d6c6,2026-06-14 17:22:38,289.42,success
9072713f-561f-4c1b-952b-f2d759535fb8,2026-06-18 23:16:38,134.85,success
9072713f-561f-4c1b-952b-f2d759535fb8,2026-06-12 13:03:38,158.94,success
af15cd0d-ea79-4271-9081-036e922ea5f0,2026-06-06 22:02:38,164.82,refunded
af15cd0d-ea79-4271-9081-036e922ea5f0,2026-07-12 20:20:38,280.26,refunded
4218c602-d70e-46e7-9c17-2280d46e79e7,2026-05-30 11:50:38,264.87,success
c2c24860-bbc1-459f-9b82-793b0704bdd1,2026-05-18 10:54:38,90.81,refunded
c2c24860-bbc1-459f-9b82-793b0704bdd1,2026-06-05 08:48:38,252.66,refunded
3383aeb0-8d25-4b8a-af45-cdf55f243a5f,2026-07-02 23:57:38,169.8,refunded
1466024d-73f3-450e-923f-03ceaf2b7055,2026-06-20 07:38:38,76.07,refunded
016a1918-9928-49de-9f4a-1588fe2609b7,2026-06-21 07:01:38,94.53,failed
016a1918-9928-49de-9f4a-1588fe2609b7,2026-05-14 15:38:38,51.28,refunded
1c268f25-b778-47b8-a771-9f7e60da1dea,2026-05-21 00:34:38,232.04,success
4214ecda-8da6-4223-b3a4-8b5088f112d2,2026-08-09 16:14:38,54.98,refunded
ed3a6729-d740-48c4-a778-fa2c93b249c4,2026-07-15 02:03:38,70.08,failed
ed3a6729-d740-48c4-a778-fa2c93b249c4,2026-07-28 10:54:38,229.45,refunded
946a67c0-37d4-40a2-a93f-fce64719ac14,2026-06-30 20:43:38,277.76,refunded
2aa6c6ac-29cd-4339-a980-45d54a9e1c01,2026-06-10 03:15:38,79.78,failed
2aa6c6ac-29cd-4339-a980-45d54a9e1c01,2026-06-16 05:31:38,77.81,refunded
e712a971-51f3-4719-98ae-e7c23834811b,2026-06-16 14:36:38,127.29,refunded
59332ee4-3c32-4aa1-9387-cad2cead7a3d,2026-07-08 21:19:38,148.97,success
59332ee4-3c32-4aa1-9387-cad2cead7a3d,2026-08-09 05:54:38,102.83,failed
60a5539b-35a0-48b6-b120-73dd9363c902,2026-06-24 21:15:38,73.21,success
60a5539b-35a0-48b6-b120-73dd9363c902,2026-06-19 10:57:38,88.72,failed
90176b19-8557-409e-b6db-b3d4eb7d7d11,2026-07-18 08:35:38,46.75,refunded
f3d83220-9c55-4023-8625-ca2683bf61d8,2026-07-12 11:48:38,72.78,refunded
f3d83220-9c55-4023-8625-ca2683bf61d8,2026-06-14 20:46:38,49.44,success
ebbce64b-fad4-48a8-b9d7-d5a7576c3b1e,2026-05-19 04:01:38,166.95,failed
1f78d6c3-06a5-48b0-99ed-fd76e7f3aedb,2026-07-15 14:41:38,101.85,failed
031d354b-c73a-4ccc-b8a9-380a0807c1de,2026-08-07 15:47:38,115.73,failed
031d354b-c73a-4ccc-b8a9-380a0807c1de,2026-06-20 04:42:38,230.09,failed
78629e5c-49f0-4e2c-8f98-4adc3ce61431,2026-08-08 05:27:38,75.47,success
e0dcca02-9d28-45b3-ab54-9d5864d52023,2026-07-26 09:38:38,277.21,refunded
e0dcca02-9d28-45b3-ab54-9d5864d52023,2026-06-01 20:23:38,224.1,failed
7d6a7d77-310e-45d8-9a87-6d3676b42396,2026-07-21 01:09:38,261.55,failed
e8dbb0af-ce11-45c6-805c-ead9bc17abcc,2026-08-03 12:51:38,205.46,failed
e8dbb0af-ce11-45c6-805c-ead9bc17abcc,2026-07-20 00:32:38,79.98,success
243476f9-df80-4b34-b378-faf1fea9fd48,2026-07-14 20:33:38,240.86,failed
3369a884-5c03-4377-8d1f-dd8bb17b2e61,2026-08-03 17:54:38,105.91,success
1c62576f-9192-4287-ade0-532bb7099d00,2026-05-29 11:31:38,209.72,success
1c62576f-9192-4287-ade0-532bb7099d00,2026-05-12 12:14:38,123.85,failed
06697aee-0867-44cc-9ede-52eb35fe3ee2,2026-05-20 10:23:38,274.86,failed
81d8c662-1f70-4c30-a99f-10e847eb0a6d,2026-06-12 15:47:38,97.5,refunded
fd1c3960-573e-4860-bf5f-2e504ddc170f,2026-06-02 11:47:38,294.9,failed
f9602155-c982-46e3-9f2c-6ff76186d506,2026-07-23 11:15:38,152.78,refunded
f9602155-c982-46e3-9f2c-6ff76186d506,2026-07-04 23:11:38,239.99,failed
29cbd288-505d-45d4-bd20-c4f49ebbbc38,2026-07-26 14:50:38,184.01,failed
a330f5e7-5003-4d9c-b8e7-3703f7868c27,2026-06-02 00:22:38,235.5,refunded
a330f5e7-5003-4d9c-b8e7-3703f7868c27,2026-06-11 06:04:38,277.82,failed
d2cc5cad-ade3-4985-a347-ddf38769d2b8,2026-06-24 11:48:38,173.07,refunded
d2cc5cad-ade3-4985-a347-ddf38769d2b8,2026-06-02 20:00:38,243.75,refunded
1b9201e7-99e7-461c-be81-b7922a28d277,2026-06-16 10:10:38,64.45,success
47e648ea-010a-4607-bfb2-ce3076e7b72a,2026-07-24 23:16:38,165.48,success
47e648ea-010a-4607-bfb2-ce3076e7b72a,2026-06-20 08:23:38,52.07,refunded
c7fa72f8-2f38-4862-a987-b4edc2f9fb20,2026-05-26 03:50:38,237.33,refunded
c7fa72f8-2f38-4862-a987-b4edc2f9fb20,2026-08-05 22:15:38,237.18,refunded
9c549f71-926a-4ac0-9093-9a233ec4600e,2026-05-27 20:53:38,112.69,refunded
9c549f71-926a-4ac0-9093-9a233ec4600e,2026-05-14 15:13:38,113.25,failed
7b5cd43e-ec5c-4c0a-b34c-b84fed1b0324,2026-06-12 00:48:38,64.86,refunded
7b5cd43e-ec5c-4c0a-b34c-b84fed1b0324,2026-05-15 09:26:38,194.04,success
e9bba54d-69dd-4472-ae63-36b1d132907c,2026-06-02 08:08:38,223.76,success
e9bba54d-69dd-4472-ae63-36b1d132907c,2026-08-05 22:57:38,89.32,refunded
f602cd5e-d109-4fc2-9896-ebcc00326866,2026-07-13 13:22:38,146.74,success
a6d4c105-bfe0-4801-b207-1e259a99c63c,2026-06-13 06:52:38,271.55,success
a6d4c105-bfe0-4801-b207-1e259a99c63c,2026-05-25 12:21:38,218.3,failed
848a19c6-7332-4526-84e3-e8c339d70689,2026-07-10 14:52:38,42.76,success
848a19c6-7332-4526-84e3-e8c339d70689,2026-05-25 03:24:38,142.4,refunded
cfaccb50-70dd-42d7-8a3a-b5a9a1a2e5ef,2026-06-16 23:21:38,87.35,failed
cfaccb50-70dd-42d7-8a3a-b5a9a1a2e5ef,2026-07-06 14:54:38,89.29,success
88f02fdd-fb6f-4cb0-890e-cc93075a680e,2026-05-30 20:30:38,101.8,refunded
9391bffb-ce5e-42eb-96d5-06ade40b040b,2026-05-26 19:31:38,288.11,failed
4112be90-c380-4aef-acf8-6f8cf8ae9aeb,2026-06-05 22:06:38,272.54,refunded
4112be90-c380-4aef-acf8-6f8cf8ae9aeb,2026-07-04 00:04:38,40.05,success
389a8f24-ff1b-4aaa-838e-4144f0dd764e,2026-07-08 11:37:38,285.69,failed
225276bd-3c75-4eee-a102-449e2a69ee49,2026-07-14 22:15:38,9.91,success
225276bd-3c75-4eee-a102-449e2a69ee49,2026-05-24 15:53:38,17.61,refunded
0770faad-5068-4b61-9438-2a2e3eb0abfb,2026-08-08 03:19:38,103.54,success
0770faad-5068-4b61-9438-2a2e3eb0abfb,2026-06-02 18:36:38,151.56,failed
7040dbe1-3c64-4132-bc4c-064b5aa37f47,2026-08-05 18:26:38,32.96,success
503fa887-dea2-4a19-979c-aa5afb280088,2026-08-01 04:06:38,74.67,failed
503fa887-dea2-4a19-979c-aa5afb280088,2026-06-03 02:54:38,106.41,success
94df7f41-6d75-41b1-8f86-8ae152380a9a,2026-05-14 06:00:38,159.41,refunded
94df7f41-6d75-41b1-8f86-8ae152380a9a,2026-07-07 23:15:38,185.12,success
2168308b-9154-402f-b502-bc2910e31d5f,2026-06-28 13:29:38,220.81,refunded
2168308b-9154-402f-b502-bc2910e31d5f,2026-06-17 12:37:38,120.56,refunded
a63357ba-caa9-4ddb-a941-03e3fc844a9a,2026-06-26 22:35:38,158.82,success
a63357ba-caa9-4ddb-a941-03e3fc844a9a,2026-06-02 08:39:38,104.45,failed
118e5e5a-ce31-4940-9d33-b8f1ef2edd91,2026-08-02 22:15:38,129.79,failed
118e5e5a-ce31-4940-9d33-b8f1ef2edd91,2026-06-04 16:13:38,125.14,refunded
770b7ca0-12e9-44c6-9b73-810d34dc8141,2026-05-18 17:08:38,157.58,failed
770b7ca0-12e9-44c6-9b73-810d34dc8141,2026-07-30 04:05:38,70.77,success
ad65b0d8-d706-4572-b96e-272d4566dd87,2026-07-06 08:47:38,167.2,success
48acb123-f942-4db4-9796-2a1881d89af3,2026-07-11 17:21:38,93.24,success
e4b26e61-7250-46f5-97fb-3b2fd84f63ef,2026-07-02 12:10:38,44.05,refunded
e4b26e61-7250-46f5-97fb-3b2fd84f63ef,2026-07-09 05:02:38,121.38,success
15e3bcb4-f9c8-4169-b9a6-75bd48ca40ea,2026-08-06 12:21:38,43.54,failed
15e3bcb4-f9c8-4169-b9a6-75bd48ca40ea,2026-05-17 21:46:38,255.56,failed
fc80bef4-4403-4b1a-93a6-05429018dd3a,2026-07-01 12:05:38,235.9,failed
fc80bef4-4403-4b1a-93a6-05429018dd3a,2026-07-02 07:35:38,71.47,success
c67483a9-271a-413d-89e4-db6914dbf596,2026-05-23 14:40:38,268.33,success
c67483a9-271a-413d-89e4-db6914dbf596,2026-07-11 01:27:38,266.91,refunded
0401d05c-827f-4063-9512-f86571e18820,2026-06-20 16:45:38,56.94,refunded
0401d05c-827f-4063-9512-f86571e18820,2026-07-14 14:12:38,25.81,refunded
ab00ac94-0403-45ee-8ce7-14ec9de7e991,2026-07-06 00:48:38,128.89,refunded
1b6aeb80-19b1-4e2c-a645-269c6730c5dc,2026-05-16 18:22:38,72.28,success
1b6aeb80-19b1-4e2c-a645-269c6730c5dc,2026-05-23 01:20:38,193.64,refunded
643de5bd-3bf0-4bc0-a714-773490483489,2026-05-28 18:07:38,114.4,failed
154e6baf-83d7-401f-bdf3-83b902fb7d7e,2026-07-02 22:18:38,197.81,success
1b869a35-adb9-4b86-9cca-5a9ed578a44c,2026-07-05 04:08:38,129.62,failed
1b869a35-adb9-4b86-9cca-5a9ed578a44c,2026-07-19 20:41:38,83.25,failed
ac9b3fca-e4bb-45f6-a700-8246616ed708,2026-07-28 11:59:38,214.92,success
7eede3cc-f27e-4252-b12e-d9b6115b9eb8,2026-08-04 08:39:38,145.76,refunded
fac17453-534c-4d66-b9cb-5e1caeca9e0e,2026-08-08 15:45:38,184.46,success
fac17453-534c-4d66-b9cb-5e1caeca9e0e,2026-07-25 07:58:38,156.06,failed
1994c824-994d-40f3-a628-2c532b61dbd0,2026-05-14 01:28:38,47.25,refunded
1994c824-994d-40f3-a628-2c532b61dbd0,2026-05-14 14:24:38,106.09,failed
e53524d7-9f87-46df-8fbf-4291df985325,2026-07-13 11:23:38,232.57,failed
e53524d7-9f87-46df-8fbf-4291df985325,2026-07-12 01:25:38,57.38,success
b79038fa-2c24-4a31-9514-4460b4d8de5e,2026-06-22 16:04:38,75.4,failed
2be0b323-87cf-4dc8-bfa9-48a28c1e3a7e,2026-06-21 18:28:38,16.34,success
2be0b323-87cf-4dc8-bfa9-48a28c1e3a7e,2026-06-04 21:33:38,62.36,success
6e02414c-71fa-4def-946d-28340b04879c,2026-07-20 00:34:38,177.72,failed
5a5eb952-0a8b-4505-94ea-0b20b11c86e7,2026-06-27 07:39:38,260.01,refunded
181b3da0-ecd6-4d0a-add8-be2ca2b3d565,2026-07-09 18:05:38,262.02,success
181b3da0-ecd6-4d0a-add8-be2ca2b3d565,2026-08-09 13:42:38,76.59,success
a3d3fabf-2f31-4b12-8a05-774f311c42b8,2026-06-22 17:37:38,102.23,failed
a3d3fabf-2f31-4b12-8a05-774f311c42b8,2026-06-16 16:51:38,171.1,refunded
c882f4ff-2580-4a91-8159-1695be59e0da,2026-07-27 00:58:38,253.15,refunded
c882f4ff-2580-4a91-8159-1695be59e0da,2026-06-25 11:39:38,71.74,success
29d547a7-5d93-46bc-a07c-470adca87cb5,2026-07-28 12:51:38,94.23,refunded
8202cfe9-9386-4c76-8880-cd8f1865180e,2026-06-08 04:02:38,193.78,failed
8202cfe9-9386-4c76-8880-cd8f1865180e,2026-06-08 17:17:38,46.03,success
ba6eef7b-4c70-4b57-8e4b-2383cce4193c,2026-07-25 21:53:38,200.17,success
ba6eef7b-4c70-4b57-8e4b-2383cce4193c,2026-07-22 02:22:38,262.63,success
adce29e5-8343-43c1-8f96-1af5aa1cd569,2026-06-06 03:36:38,150.49,success
41bfd6d1-12c4-4443-a9d5-bf5a20f5e71e,2026-07-12 18:03:38,179.85,success
52e432c2-d52c-4667-9471-a72fa6d8864f,2026-06-20 10:09:38,202.32,failed
622773df-6575-4c4a-a10f-071cea37e060,2026-05-30 04:16:38,272.55,success
622773df-6575-4c4a-a10f-071cea37e060,2026-08-01 08:02:38,130.64,failed
9ef9c227-1864-4dbc-a6dd-d8e5ff5989d8,2026-06-06 04:57:38,146.86,failed
9ef9c227-1864-4dbc-a6dd-d8e5ff5989d8,2026-07-13 08:37:38,282.17,failed
c3882213-bc7e-496e-b9a9-f7304c289840,2026-05-28 07:02:38,221.21,failed
82f3df40-5cf0-4999-854d-870a89a13ff0,2026-06-23 20:32:38,223.77,refunded
bef9b510-baad-43ab-b311-da43f2c0ed39,2026-07-03 20:02:38,243.76,refunded
bef9b510-baad-43ab-b311-da43f2c0ed39,2026-05-26 06:00:38,95.8,failed
9780f404-af05-4d70-bcc1-f4a2f7dc578e,2026-05-14 17:20:38,137.02,refunded
9780f404-af05-4d70-bcc1-f4a2f7dc578e,2026-07-06 05:30:38,225.18,refunded
14a85366-0955-4f11-8eca-f6de92dc01c5,2026-07-05 12:16:38,155.4,failed
c06bf9fa-bcf6-49d2-bc9f-923086e6d29f,2026-08-10 10:32:38,120.3,failed
2545909b-d493-4975-88d0-02ba96947319,2026-06-29 20:48:38,123.35,success
dfdc423c-cc23-49dd-85ea-7339db56cf5e,2026-08-09 01:43:38,224.58,refunded
dfdc423c-cc23-49dd-85ea-7339db56cf5e,2026-06-23 14:39:38,81.32,refunded
3cca0860-8c09-400a-ac71-370cf2e6562f,2026-06-27 02:52:38,41.8,success
3cca0860-8c09-400a-ac71-370cf2e6562f,2026-06-29 06:08:38,129.43,success
4ae2aef1-fb3a-4b9d-ac9f-803574e6cabd,2026-06-12 12:58:38,298.67,refunded
e21ce3d4-09a8-45b0-8e66-530d4c4b3b68,2026-07-11 20:11:38,259.51,refunded
e21ce3d4-09a8-45b0-8e66-530d4c4b3b68,2026-06-22 15:36:38,143.69,failed
3e4b74c6-bd39-46bd-ab7a-930e64936739,2026-07-03 02:43:38,184.82,refunded
933563df-14e8-4135-a45a-c418e18a2cc7,2026-07-09 21:25:38,184.54,refunded
933563df-14e8-4135-a45a-c418e18a2cc7,2026-06-16 10:28:38,142.05,failed
50faf310-9296-49c2-8296-fcb0b32cc89a,2026-07-13 12:40:38,143.0,success
41090716-9deb-4e2e-9060-abf250008eb5,2026-06-12 06:38:38,168.77,refunded
14b9a3c4-f82b-4421-842e-0051696a6130,2026-07-08 12:44:38,236.02,failed
14b9a3c4-f82b-4421-842e-0051696a6130,2026-06-29 21:10:38,31.86,success
d97868d5-b956-4886-bf8e-6b41d9dc2161,2026-05-23 05:12:38,292.08,failed
d97868d5-b956-4886-bf8e-6b41d9dc2161,2026-06-25 20:15:38,201.16,refunded
04784b2a-a3a0-4179-afd8-1d7ceea07770,2026-05-17 22:03:38,142.85,refunded
04784b2a-a3a0-4179-afd8-1d7ceea07770,2026-06-16 21:13:38,138.53,success
bf24037f-97b9-445a-932e-6840f5ca5aa0,2026-06-22 00:13:38,57.5,refunded
bf24037f-97b9-445a-932e-6840f5ca5aa0,2026-05-17 11:17:38,161.51,failed
931f826c-5cba-4cf5-bd0a-567c8baa226d,2026-05-17 14:23:38,235.42,success
931f826c-5cba-4cf5-bd0a-567c8baa226d,2026-07-14 09:03:38,173.87,refunded
68a0c12d-95d6-4f71-aec8-ace90be90a5a,2026-06-25 21:20:38,108.42,success
68a0c12d-95d6-4f71-aec8-ace90be90a5a,2026-08-02 22:54:38,20.67,failed
8c9bb1ae-43ff-4480-9321-219c46f33110,2026-06-14 09:41:38,164.7,refunded
8c9bb1ae-43ff-4480-9321-219c46f33110,2026-06-04 00:29:38,272.85,failed
19b5e8a0-3798-425b-bb07-0d8e79708bb2,2026-07-27 22:58:38,34.23,refunded
19b5e8a0-3798-425b-bb07-0d8e79708bb2,2026-06-02 04:24:38,213.49,success
54d95fe0-9679-44a2-873c-63745e2207b8,2026-07-30 00:17:38,70.11,refunded
59b99135-b28f-470c-bbe9-1d1ffbb7f23c,2026-07-24 11:42:38,120.79,failed
d42a6dd7-f31d-4338-bbed-63f621ac4e3d,2026-07-12 22:30:38,110.57,success
d42a6dd7-f31d-4338-bbed-63f621ac4e3d,2026-07-04 00:25:38,192.48,success
48a468a1-c91c-4be8-870d-23d6c0d5b49b,2026-06-05 13:56:38,137.74,refunded
0cd136c8-dfba-4275-9414-c4aad7534e0b,2026-05-20 10:48:38,10.89,refunded
b3a28d24-7520-465a-9ea1-5d632e4b8ede,2026-06-02 11:58:38,238.28,success
f59dcd19-56e1-4e1f-8bf2-8b5be1be5019,2026-06-28 22:51:38,180.22,success
f59dcd19-56e1-4e1f-8bf2-8b5be1be5019,2026-07-31 06:18:38,296.05,refunded
013e6438-c04e-4b53-ad83-7dcbf19b3d75,2026-05-21 18:59:38,134.0,success
70408537-98bb-49ef-b599-d8b581d4a95b,2026-05-29 17:24:38,14.35,failed
6332f1ae-18c6-4031-aad5-ef8d6212281e,2026-07-07 05:31:38,94.01,refunded
70935943-baae-4eab-93df-867534b04574,2026-06-23 00:07:38,164.2,refunded
70935943-baae-4eab-93df-867534b04574,2026-08-02 22:03:38,192.88,success
34695107-920e-49e3-b402-33a9dbb98e02,2026-06-07 12:38:38,91.68,success
9b02d5d7-5add-455b-9a7e-5ac73eaf5ab8,2026-07-11 06:54:38,91.91,refunded
1d52ec1a-6b20-4e03-9044-19b0bab1ea0d,2026-05-19 00:31:38,245.86,failed
1d52ec1a-6b20-4e03-9044-19b0bab1ea0d,2026-06-30 03:12:38,131.92,refunded
f35b6e94-e65b-41f3-950b-d8e576ba15ad,2026-07-15 21:14:38,84.69,refunded
7b4d57a7-1d5b-4a80-b11f-a2abf2606aa1,2026-08-11 00:50:38,194.88,success
7b4d57a7-1d5b-4a80-b11f-a2abf2606aa1,2026-05-30 06:20:38,247.98,failed
44051812-c502-49f8-be5a-9c63619d504d,2026-06-06 23:53:38,156.35,success
44051812-c502-49f8-be5a-9c63619d504d,2026-06-05 10:25:38,102.63,refunded
d0751661-3bad-42af-9088-3b74f41e9d8a,2026-07-08 11:03:38,32.05,failed
d0751661-3bad-42af-9088-3b74f41e9d8a,2026-07-11 19:08:38,10.34,success
98b64fcb-ab11-4bbb-8e4c-edfb9e02beb1,2026-07-12 06:53:38,124.29,refunded
a9843162-488c-4b52-b441-bc516442a8a9,2026-08-06 13:50:38,217.97,failed
5ba727ac-1203-4add-8f0c-5469f8f040b3,2026-05-25 15:22:38,184.1,success
5ba727ac-1203-4add-8f0c-5469f8f040b3,2026-06-07 10:29:38,237.96,refunded
8e8639af-fccc-4acc-8e61-b75d447327e9,2026-07-19 20:35:38,156.67,success
2e5c1842-a6fa-4c6c-bfe5-5b2a89c8aed8,2026-07-31 05:51:38,172.64,failed
fa2b1b1a-40d8-4919-a58d-9bf14181c68e,2026-07-21 12:42:38,188.87,refunded
fa2b1b1a-40d8-4919-a58d-9bf14181c68e,2026-05-13 14:04:38,172.64,failed
429a215a-ddc4-482a-b109-294a090046c1,2026-06-24 06:35:38,126.43,refunded
e13e7d7f-6712-4182-8906-e51b99a0f5c3,2026-05-16 13:35:38,201.36,success
e13e7d7f-6712-4182-8906-e51b99a0f5c3,2026-05-29 09:59:38,133.46,failed
4360bf44-7eab-437f-bb0b-2f6878cdd302,2026-07-22 19:03:38,74.55,failed
d62a10db-1ae3-4111-88b9-327ea2b68f79,2026-08-02 06:51:38,49.71,failed
d62a10db-1ae3-4111-88b9-327ea2b68f79,2026-08-08 05:39:38,107.9,refunded
753bc92d-b4bb-4f74-a876-adec3d8dc250,2026-07-05 04:58:38,134.78,success
753bc92d-b4bb-4f74-a876-adec3d8dc250,2026-07-11 02:05:38,279.95,success
e3a6cf3a-b389-47f8-92f9-c96ebc91f900,2026-06-17 14:04:38,188.7,success
7656b46d-839a-446c-8545-996ad94a3368,2026-07-19 12:26:38,116.66,failed
7656b46d-839a-446c-8545-996ad94a3368,2026-06-04 17:03:38,284.65,success
d167ccc1-c479-44e2-a61e-50a1e023330e,2026-07-04 18:38:38,294.57,success
d167ccc1-c479-44e2-a61e-50a1e023330e,2026-07-26 13:47:38,49.07,success
44af8e37-79e2-4f82-be42-3552f8fb265c,2026-05-29 18:13:38,297.13,success
1d06867a-4cbe-436e-bdb3-73ca27ae6fe3,2026-06-24 11:08:38,30.54,success
1d06867a-4cbe-436e-bdb3-73ca27ae6fe3,2026-07-07 04:52:38,271.56,refunded
caf4827b-c1a9-4591-b316-8bc36059269b,2026-07-04 18:15:38,229.26,refunded
a3c2d987-8317-4b71-85cf-ffcf695667eb,2026-06-03 23:52:38,146.76,success
a3c2d987-8317-4b71-85cf-ffcf695667eb,2026-06-12 13:55:38,265.02,failed
0eee4e2b-2429-44a2-8936-bf954b4d031a,2026-06-13 13:33:38,250.12,refunded
0eee4e2b-2429-44a2-8936-bf954b4d031a,2026-05-20 02:18:38,195.4,success
454d4791-0778-4060-900b-8e00d737f05a,2026-06-10 02:24:38,120.94,success
454d4791-0778-4060-900b-8e00d737f05a,2026-08-09 01:58:38,135.14,refunded
9efe8116-728f-489a-9552-ff7426ca6431,2026-05-13 20:33:38,297.72,success
9ad9c1d0-7374-47f8-9280-3130cc7b32bb,2026-05-24 05:26:38,58.52,failed
9ad9c1d0-7374-47f8-9280-3130cc7b32bb,2026-05-13 14:19:38,28.52,success
5f045765-69ad-40e7-9fd3-28afe2c6cf4e,2026-06-14 04:17:38,38.35,refunded
5f045765-69ad-40e7-9fd3-28afe2c6cf4e,2026-07-20 22:20:38,154.28,success
d4b5096b-14ba-4028-8d30-162c71f7dffb,2026-06-26 15:17:38,72.28,success
d4b5096b-14ba-4028-8d30-162c71f7dffb,2026-06-07 20:56:38,118.82,refunded
338fe9e8-c4f9-4401-a371-274835d3c2c0,2026-05-25 13:18:38,33.01,success
fecd0a4b-6570-4f50-a86a-e399376c4219,2026-07-02 17:23:38,60.5,failed
36f95465-6306-46ae-b279-2b71113b1934,2026-07-18 05:36:38,204.58,failed
4c9c9344-e43c-469c-880d-1fa965bd48cb,2026-05-29 07:28:38,39.65,failed
fd1f9e8a-a263-42c4-8f96-835e30e0dd73,2026-07-30 11:07:38,49.81,failed
1148cd8b-4dee-4dae-8efd-7e1f0d519360,2026-07-18 10:19:38,160.38,refunded
1148cd8b-4dee-4dae-8efd-7e1f0d519360,2026-07-01 07:46:38,26.2,failed
b24854f9-cba8-4ffc-a9e9-12647c0b2090,2026-07-22 12:57:38,284.16,success
b24854f9-cba8-4ffc-a9e9-12647c0b2090,2026-06-08 10:40:38,66.53,refunded
dcfb665c-841b-4134-8293-2772b5b45fb0,2026-07-21 09:07:38,162.61,refunded
dcfb665c-841b-4134-8293-2772b5b45fb0,2026-06-08 17:32:38,229.72,refunded
de6317d1-37a4-4d8c-85f2-ae9f197bd82c,2026-05-24 04:46:38,188.51,success
367d78e0-015a-4c33-9c86-c2c6cfc5408f,2026-07-02 14:08:38,283.65,success
7f4ab3b9-c0ed-4994-9a99-9f1a3fcdc288,2026-08-06 09:44:38,216.89,failed
b2cb5008-ca25-47d1-badf-8f236e31d1af,2026-07-15 19:35:38,252.97,failed
df5805bd-b53e-45d5-ad2e-3d4c52b2dea0,2026-08-01 03:08:38,69.26,refunded
4170c9d8-86f3-4522-95b0-2e5aac756ae9,2026-07-10 06:23:38,112.41,refunded
4170c9d8-86f3-4522-95b0-2e5aac756ae9,2026-06-18 20:41:38,128.87,refunded
8897c084-93c8-46fb-9926-9e46a64699a0,2026-05-31 20:42:38,118.81,success
54f61f27-9c62-41a0-8bca-3f1cf65969e9,2026-05-29 09:55:38,88.76,success
8ee4b203-00ee-4018-940c-04f5b81d54df,2026-06-05 10:40:38,173.45,refunded
0b7cede2-b412-4ac7-8f21-01b27ae2cdd9,2026-05-26 14:38:38,219.44,success
85ba2008-ade5-4d0e-8f94-e38f06479f9b,2026-07-18 00:19:38,122.48,refunded
85ba2008-ade5-4d0e-8f94-e38f06479f9b,2026-06-29 02:39:38,254.75,refunded
3b45cd52-ff82-4044-b07f-c6f29281b3a8,2026-07-04 04:07:38,194.57,failed
b977af3e-e479-4617-ac0b-88187eaf548a,2026-05-14 07:56:38,275.42,refunded
c7ea3a8c-92a7-48ce-9084-191367467a7e,2026-06-05 23:33:38,283.37,success
86172569-9107-4abb-90b7-5a22d94f91d9,2026-07-04 08:34:38,215.79,success
86172569-9107-4abb-90b7-5a22d94f91d9,2026-06-10 21:37:38,211.42,failed
fcf76ccc-2c92-4449-9f29-0a62528d82be,2026-05-29 01:35:38,228.22,success
204b2736-4e6c-47b2-b8e9-d90fc4f1f6d4,2026-05-17 00:50:38,286.62,failed
7e307aae-8046-4514-a182-50ca4ea696c5,2026-07-11 15:09:38,90.36,refunded
ff8c6fe5-278b-4f15-8dea-50545e3c3c39,2026-06-06 10:21:38,119.44,success
4ca2e81b-1151-4321-afec-cf037cd4614d,2026-05-19 09:27:38,62.56,refunded
0214ab85-681c-4f7d-af0d-c9aa66760379,2026-08-04 02:31:38,23.03,success
0214ab85-681c-4f7d-af0d-c9aa66760379,2026-07-24 10:14:38,86.57,failed
48b52f15-ea24-45d4-9ca7-01b6f1c87d89,2026-06-26 12:02:38,56.38,failed
48b52f15-ea24-45d4-9ca7-01b6f1c87d89,2026-05-25 22:41:38,257.23,refunded
3bb8ca52-7c9e-4c45-9b8d-5531daed289e,2026-07-10 07:35:38,83.23,success
821d666c-58b5-4ce7-809b-ac8b345e97d2,2026-06-01 00:51:38,161.35,success
821d666c-58b5-4ce7-809b-ac8b345e97d2,2026-06-29 00:20:38,17.65,failed
832b2b52-6547-4a21-8ba1-5938836896c2,2026-07-15 18:43:38,194.85,success
832b2b52-6547-4a21-8ba1-5938836896c2,2026-08-04 11:14:38,62.38,refunded
500c85a7-86d8-4eba-9025-43f086315413,2026-08-07 11:36:38,127.55,failed
a7be8913-abe2-421b-ab59-c10350b3c9ce,2026-07-17 13:45:38,46.42,success
244ac984-22e6-4094-be76-7276ee4e9b03,2026-08-03 16:39:38,64.6,failed
244ac984-22e6-4094-be76-7276ee4e9b03,2026-06-11 05:28:38,266.81,success
aa61443f-9534-41d7-b196-c491d7f48575,2026-05-23 04:33:38,15.17,success
aa61443f-9534-41d7-b196-c491d7f48575,2026-07-05 20:11:38,218.69,success
c122e05e-2760-4e0b-a42a-0e11f68e9c45,2026-07-14 15:00:38,181.53,refunded
125b4bdd-74aa-496f-86f5-8ad62f3cfedb,2026-07-12 18:02:38,10.43,failed
99698678-9b95-4150-b797-beb3d168f033,2026-05-16 23:36:38,136.44,failed
99698678-9b95-4150-b797-beb3d168f033,2026-05-16 09:35:38,187.58,refunded
14ba4085-3c92-45a8-8a4a-1e92ad2c16f9,2026-08-05 06:40:38,198.16,success
14ba4085-3c92-45a8-8a4a-1e92ad2c16f9,2026-05-16 07:07:38,295.06,failed
e96a63db-ca8f-4bd1-b425-e648b2b8c1ac,2026-07-01 02:11:38,33.89,success
1382dd85-2857-49f4-93ea-2c8c19788d97,2026-05-31 00:13:38,133.97,failed
1382dd85-2857-49f4-93ea-2c8c19788d97,2026-07-07 12:56:38,90.12,refunded
89f00b73-80a6-4d69-bb40-808d1f740cad,2026-07-16 19:45:38,88.97,success
f545b3fe-9ed9-445d-bf00-e9bff7f1463b,2026-06-09 09:12:38,243.1,refunded
5cff158e-2f99-4f05-9ca0-d1c337ed5b24,2026-08-04 09:47:38,257.66,failed
55060136-af1c-4f75-9d76-6cc09e776c1a,2026-07-31 11:36:38,162.9,failed
55060136-af1c-4f75-9d76-6cc09e776c1a,2026-08-07 05:30:38,42.32,refunded
b124eb5f-98a0-4a73-a6c7-3236c6e05dcf,2026-08-07 04:35:38,188.01,failed
3e3a8fa9-1348-4570-9953-8d597c117a86,2026-08-04 18:29:38,154.53,failed
3e3a8fa9-1348-4570-9953-8d597c117a86,2026-05-19 06:05:38,130.5,success
df6e3b15-c777-4cbc-a640-12e0bb99d972,2026-08-05 23:59:38,156.01,failed
df6e3b15-c777-4cbc-a640-12e0bb99d972,2026-07-03 18:17:38,139.6,failed
ca3c77fc-e252-4ea9-86b1-ef77b0a903ee,2026-06-07 22:20:38,47.06,success
b6eda50f-ea49-4699-805e-aaf515486bc6,2026-07-29 11:24:38,170.01,failed
8b872c28-feb1-469e-a4ff-98f567b286ac,2026-06-06 04:35:38,201.61,success
8b872c28-feb1-469e-a4ff-98f567b286ac,2026-06-18 17:24:38,51.95,success
819b5f88-ca09-41f9-8312-10d2fc735962,2026-06-17 14:57:38,161.76,success
819b5f88-ca09-41f9-8312-10d2fc735962,2026-07-03 18:46:38,97.72,failed
6469324d-e210-4093-a457-030afe16135a,2026-05-26 22:35:38,190.33,failed
941eb382-a892-4f3d-a860-9ea95d66c3b1,2026-07-28 04:00:38,35.89,success
ac53d453-659d-4761-8a73-8fea7075e7c4,2026-07-10 17:49:38,250.59,refunded
7f879793-f1ee-448d-9e8f-c8367c11450c,2026-06-15 08:40:38,254.36,success
d5fc6b5b-4775-447a-b49b-721d107c2581,2026-07-10 04:24:38,254.41,refunded
d5fc6b5b-4775-447a-b49b-721d107c2581,2026-05-14 00:54:38,80.88,success
02e1e4b2-45f4-48d0-862b-518263a4f27f,2026-07-01 02:10:38,44.44,failed
02e1e4b2-45f4-48d0-862b-518263a4f27f,2026-07-30 06:49:38,287.74,refunded
3f17364b-591b-43cd-864e-5875b1c096f6,2026-06-10 04:46:38,114.26,failed
52c4ada2-1767-4de0-b3f4-4e091202f9ea,2026-07-16 03:04:38,87.47,success
95bf7f0d-0cf4-4b2d-a68d-dc59760ce447,2026-06-04 01:31:38,184.62,failed
95bf7f0d-0cf4-4b2d-a68d-dc59760ce447,2026-07-13 19:41:38,61.61,failed
fa0833c0-cb3c-4d4a-b708-bfbe9ccc51b4,2026-06-25 04:14:38,44.58,refunded
fa0833c0-cb3c-4d4a-b708-bfbe9ccc51b4,2026-08-07 12:56:38,208.45,refunded
c005de62-773d-49c6-9381-82420e015505,2026-07-17 05:51:38,297.6,failed
b00461b7-cae5-4eee-8431-270057024493,2026-07-09 04:25:38,268.83,refunded
b00461b7-cae5-4eee-8431-270057024493,2026-06-20 18:58:38,9.71,refunded
8987389f-5238-4d53-8c26-0d4c6992a175,2026-07-08 09:35:38,143.92,success
b4c2904b-e80c-40e8-a3cf-9b03d2f00e4a,2026-05-20 21:23:38,35.93,success
b4c2904b-e80c-40e8-a3cf-9b03d2f00e4a,2026-08-10 13:22:38,270.87,refunded
c8190a49-1ef9-4bd7-87c0-44d2504fbfa8,2026-07-10 04:52:38,221.12,refunded
c8190a49-1ef9-4bd7-87c0-44d2504fbfa8,2026-06-06 07:04:38,124.64,success
ef96e574-d80d-4c17-b38b-3c5f72b9e5c6,2026-06-28 00:19:38,265.17,success
758d8e97-3015-4ba1-9cb0-0fc4ed032e9e,2026-07-10 20:01:38,283.73,success
758d8e97-3015-4ba1-9cb0-0fc4ed032e9e,2026-07-24 04:34:38,58.85,failed
0ab745b1-c477-4a6c-a43f-040c3f0e2bc6,2026-06-18 16:25:38,244.71,success
0ab745b1-c477-4a6c-a43f-040c3f0e2bc6,2026-06-28 23:17:38,43.48,failed
8cc545e2-26ef-4d69-a652-53397e23189d,2026-05-16 19:08:38,279.74,failed
8cc545e2-26ef-4d69-a652-53397e23189d,2026-06-08 14:48:38,296.37,refunded
545a2b58-507b-4895-9058-ab77bbdbe67a,2026-06-30 00:41:38,140.17,refunded
545a2b58-507b-4895-9058-ab77bbdbe67a,2026-06-04 01:20:38,235.97,refunded
a8159099-fe07-4b66-a980-db126a5906f3,2026-05-29 13:04:38,25.26,refunded
6a541d63-12b2-4288-96c1-c943458cb903,2026-06-09 22:55:38,129.52,failed
e82e9a34-bc75-4ca9-b3f9-4d909d877658,2026-06-15 19:45:38,233.05,success
e82e9a34-bc75-4ca9-b3f9-4d909d877658,2026-07-24 05:48:38,162.35,refunded
b07a3760-1e8b-4df6-8121-f361497b9610,2026-07-29 18:54:38,9.2,success
b07a3760-1e8b-4df6-8121-f361497b9610,2026-06-02 23:08:38,166.29,failed
80f2a438-189b-4e9a-9f00-5c4e688acc57,2026-08-05 06:40:38,267.94,refunded
80f2a438-189b-4e9a-9f00-5c4e688acc57,2026-05-19 00:36:38,56.35,refunded
93ef13dd-94a8-4a30-83f6-2560a0bbd895,2026-07-11 01:53:38,163.89,success
93ef13dd-94a8-4a30-83f6-2560a0bbd895,2026-07-18 11:04:38,162.84,success
1e620e08-a235-40f4-8243-eb1033cb53bf,2026-06-03 05:09:38,69.45,success
c88d1d7f-8316-4eae-82db-de764fca8d6f,2026-08-07 02:21:38,201.26,success
c88d1d7f-8316-4eae-82db-de764fca8d6f,2026-06-11 01:22:38,130.43,success
22a53db1-bcbe-4265-a0e0-de8b2be68249,2026-08-04 23:44:38,146.71,success
22a53db1-bcbe-4265-a0e0-de8b2be68249,2026-05-17 01:46:38,98.55,success
12d9c69d-5244-44bb-8ecb-87fa26c3f743,2026-06-20 16:22:38,180.83,refunded
12d9c69d-5244-44bb-8ecb-87fa26c3f743,2026-08-04 22:39:38,61.65,refunded
3d4ea4c5-4ee2-4a9e-ab53-7dab63f8cc87,2026-06-19 23:25:38,38.78,refunded
1fae1d6a-a647-4168-8123-a247444553ca,2026-07-17 07:17:38,148.5,failed
695477b1-bbc1-427c-adc2-0409e679ffaf,2026-06-14 23:36:38,87.35,success
695477b1-bbc1-427c-adc2-0409e679ffaf,2026-05-14 22:26:38,214.81,failed
2bcf2c79-fb74-4813-818e-693b3a8594cb,2026-07-17 04:11:38,267.58,failed
7ba156a9-0478-4c8c-8a72-25d96f329d16,2026-08-05 19:34:38,60.5,success
25bea0d8-834c-4b6c-8fb8-f6b66d2e441a,2026-08-06 13:59:38,280.58,failed
124e345e-9406-4347-8e3e-27f352a4af95,2026-06-18 07:23:38,259.28,refunded
124e345e-9406-4347-8e3e-27f352a4af95,2026-05-13 01:35:38,209.19,failed
