customer_id,event_timestamp,feature_used,duration_secs
068b54d7-7461-4d1c-885e-f5b43efed384,2026-07-30 23:49:37,Team Settings,526
068b54d7-7461-4d1c-885e-f5b43efed384,2026-07-21 23:06:37,Integrations,1238
5d1e924a-5232-4255-8df9-610e13465816,2026-07-14 15:46:37,Reports,1758
5d1e924a-5232-4255-8df9-610e13465816,2026-06-26 08:00:37,Team Settings,388
5d1e924a-5232-4255-8df9-610e13465816,2026-06-17 04:50:37,Billing,1418
67855f87-2552-4273-9aff-1b2060638673,2026-08-10 04:51:37,Billing,323
14315c24-aa38-40f9-8eaa-bf5f242107d9,2026-06-27 06:01:37,Reports,966
14315c24-aa38-40f9-8eaa-bf5f242107d9,2026-05-15 21:44:37,Team Settings,710
14315c24-aa38-40f9-8eaa-bf5f242107d9,2026-05-20 12:04:37,Team Settings,702
14315c24-aa38-40f9-8eaa-bf5f242107d9,2026-08-06 15:34:37,Reports,1637
013b83f4-0c40-4a53-85f2-e2c165cac055,2026-06-07 14:35:37,Integrations,896
037ca95f-820c-4fdb-83a1-f491edd89c08,2026-08-03 06:42:37,Team Settings,293
037ca95f-820c-4fdb-83a1-f491edd89c08,2026-06-04 20:49:37,Reports,473
0825a209-a5eb-4a14-a463-3b942d2b593a,2026-07-23 13:02:37,Integrations,1040
0825a209-a5eb-4a14-a463-3b942d2b593a,2026-07-27 17:27:37,Team Settings,173
0825a209-a5eb-4a14-a463-3b942d2b593a,2026-06-28 02:55:37,Reports,1512
0825a209-a5eb-4a14-a463-3b942d2b593a,2026-08-02 01:04:37,Reports,46
a974822d-cc71-48a4-b411-8127968af6f1,2026-07-08 07:47:37,Reports,1056
a974822d-cc71-48a4-b411-8127968af6f1,2026-08-04 19:59:37,Integrations,757
4ac39e71-cab2-49d9-8b47-f57122404832,2026-08-09 23:05:37,Dashboard,1352
4ac39e71-cab2-49d9-8b47-f57122404832,2026-06-13 16:31:37,Integrations,692
be0fff09-d876-4715-918d-6b6508f652eb,2026-07-07 21:22:37,Billing,1120
be0fff09-d876-4715-918d-6b6508f652eb,2026-06-18 21:40:37,Team Settings,1573
be0fff09-d876-4715-918d-6b6508f652eb,2026-06-22 19:58:37,Reports,1315
03507060-2553-4558-aa6c-a21aa72cb840,2026-05-25 16:50:37,Billing,1435
0535cffd-9b93-4556-bf6e-b70464a1628d,2026-06-24 01:57:37,Reports,1373
0535cffd-9b93-4556-bf6e-b70464a1628d,2026-07-28 06:56:37,Integrations,1620
0535cffd-9b93-4556-bf6e-b70464a1628d,2026-08-06 11:46:37,Team Settings,1436
0535cffd-9b93-4556-bf6e-b70464a1628d,2026-05-31 23:06:37,Export,921
c0efe1bc-4798-4944-b956-aa3845c7677a,2026-05-17 23:20:37,Integrations,16
c0efe1bc-4798-4944-b956-aa3845c7677a,2026-06-11 10:08:37,Team Settings,1059
c0efe1bc-4798-4944-b956-aa3845c7677a,2026-06-28 15:15:37,Team Settings,495
c0efe1bc-4798-4944-b956-aa3845c7677a,2026-05-22 09:54:37,Team Settings,742
a74565ec-394a-44b5-93c1-f28e6a081d80,2026-06-05 01:10:37,Export,1401
a74565ec-394a-44b5-93c1-f28e6a081d80,2026-07-01 07:09:37,Integrations,1375
a74565ec-394a-44b5-93c1-f28e6a081d80,2026-07-13 14:01:37,Billing,552
b23e7a6f-866d-43ed-a2ce-fc6e82acbfc2,2026-06-27 17:12:37,Team Settings,1183
b23e7a6f-866d-43ed-a2ce-fc6e82acbfc2,2026-07-14 05:45:37,Integrations,760
b23e7a6f-866d-43ed-a2ce-fc6e82acbfc2,2026-06-05 03:16:37,Reports,1680
46739327-a118-4564-80fc-16ba39a18129,2026-07-11 12:38:37,Reports,1698
46739327-a118-4564-80fc-16ba39a18129,2026-05-18 19:38:37,Export,1709
41d4e7ce-b887-4117-a255-f6a3a39764e8,2026-06-23 21:56:37,Team Settings,266
41d4e7ce-b887-4117-a255-f6a3a39764e8,2026-06-20 05:05:37,Billing,783
defd667c-3b78-4283-9f80-5efc4cade554,2026-06-26 11:58:37,Integrations,1082
defd667c-3b78-4283-9f80-5efc4cade554,2026-07-03 19:07:37,Dashboard,578
64eb9d06-c46f-41e7-ba93-2cce0b1726b6,2026-07-04 19:05:37,Dashboard,935
64eb9d06-c46f-41e7-ba93-2cce0b1726b6,2026-05-21 18:03:37,Reports,1569
64eb9d06-c46f-41e7-ba93-2cce0b1726b6,2026-06-06 05:49:37,Export,282
9477c74b-fc76-42b8-b9af-7f66f0dd64b2,2026-06-09 17:07:37,Reports,1290
9477c74b-fc76-42b8-b9af-7f66f0dd64b2,2026-06-24 17:28:37,Team Settings,532
daf2d5c7-3576-45e8-8304-28ac337d2fd5,2026-07-17 09:13:37,Billing,133
daf2d5c7-3576-45e8-8304-28ac337d2fd5,2026-05-28 04:30:37,Export,1130
daf2d5c7-3576-45e8-8304-28ac337d2fd5,2026-07-06 23:33:37,Reports,558
daf2d5c7-3576-45e8-8304-28ac337d2fd5,2026-06-16 07:16:37,Export,1025
be2af142-ce1a-461b-955b-61be6a842be7,2026-07-25 19:59:37,Billing,1280
dd414b92-77a9-4ba7-a5b8-6b805733b6d4,2026-08-05 11:21:37,Team Settings,766
dd414b92-77a9-4ba7-a5b8-6b805733b6d4,2026-08-05 11:01:37,Billing,850
48ec32bc-1afa-485c-aa67-2d5da7703402,2026-05-20 13:58:37,Billing,736
48ec32bc-1afa-485c-aa67-2d5da7703402,2026-07-11 20:55:37,Integrations,280
48ec32bc-1afa-485c-aa67-2d5da7703402,2026-05-24 02:55:37,Export,1203
d9dc0b2c-818a-4219-810a-e52bd02c4acd,2026-08-02 12:36:37,Billing,1776
d9dc0b2c-818a-4219-810a-e52bd02c4acd,2026-08-02 07:01:37,Team Settings,792
f94f0ba4-f238-4394-b918-cc72ec9f70bc,2026-06-04 20:18:37,Export,1565
f94f0ba4-f238-4394-b918-cc72ec9f70bc,2026-08-08 06:12:37,Integrations,962
f94f0ba4-f238-4394-b918-cc72ec9f70bc,2026-06-12 10:56:37,Team Settings,864
ba67eb55-7b78-41ef-9db8-37c403ae2cc0,2026-07-20 07:21:37,Team Settings,1021
ba67eb55-7b78-41ef-9db8-37c403ae2cc0,2026-07-24 17:01:37,Dashboard,1387
ba67eb55-7b78-41ef-9db8-37c403ae2cc0,2026-07-12 10:37:37,Team Settings,1124
5f4f3a88-95e4-4499-98ca-0f37197e7d47,2026-06-01 23:00:37,Team Settings,1591
5f4f3a88-95e4-4499-98ca-0f37197e7d47,2026-06-14 06:44:37,Reports,1751
caef9733-6f7f-4503-9660-8c35495f765c,2026-08-10 06:18:37,Dashboard,1752
caef9733-6f7f-4503-9660-8c35495f765c,2026-07-14 15:20:37,Dashboard,1702
caef9733-6f7f-4503-9660-8c35495f765c,2026-05-16 03:04:37,Billing,1003
caef9733-6f7f-4503-9660-8c35495f765c,2026-08-03 16:05:37,Export,870
9072261a-644c-4b21-9b65-d74971291e88,2026-07-24 19:57:37,Dashboard,1800
9072261a-644c-4b21-9b65-d74971291e88,2026-05-23 05:29:37,Billing,404
9072261a-644c-4b21-9b65-d74971291e88,2026-06-06 09:38:37,Integrations,577
9072261a-644c-4b21-9b65-d74971291e88,2026-06-06 01:44:37,Billing,800
8dcff16d-9d50-4ba5-a7e1-3cfb997f089f,2026-05-19 00:14:37,Team Settings,1061
8dcff16d-9d50-4ba5-a7e1-3cfb997f089f,2026-06-18 12:46:37,Billing,638
b1550860-620e-485d-b8d6-6e9ef02d96a4,2026-06-23 19:55:37,Integrations,541
7dc0c175-44a1-44c5-bebe-d28d3c2b4aca,2026-07-17 05:46:37,Reports,1114
7dc0c175-44a1-44c5-bebe-d28d3c2b4aca,2026-05-19 21:50:37,Team Settings,1359
4dda9424-bed7-4762-a510-6ac32dc692f3,2026-05-12 15:40:37,Billing,1656
4dda9424-bed7-4762-a510-6ac32dc692f3,2026-06-29 03:20:37,Export,1153
4dda9424-bed7-4762-a510-6ac32dc692f3,2026-05-19 08:03:37,Billing,32
18680669-ddb4-47ef-9151-a24ec993f075,2026-08-02 20:13:37,Billing,87
18680669-ddb4-47ef-9151-a24ec993f075,2026-07-07 01:59:37,Team Settings,612
18680669-ddb4-47ef-9151-a24ec993f075,2026-07-16 11:36:37,Integrations,1265
18680669-ddb4-47ef-9151-a24ec993f075,2026-06-13 20:50:37,Export,926
0b27d8e2-ee30-40f0-8752-251df023674e,2026-07-16 08:38:37,Team Settings,1772
42c1999c-562f-4287-aa3f-2c4b7bc2616e,2026-08-01 14:18:37,Reports,44
e8f8e13b-0df2-426b-ae14-85a0f22503eb,2026-07-20 18:35:37,Export,1490
e8f8e13b-0df2-426b-ae14-85a0f22503eb,2026-05-16 10:31:37,Reports,1109
e8f8e13b-0df2-426b-ae14-85a0f22503eb,2026-07-22 05:00:37,Export,438
e8f8e13b-0df2-426b-ae14-85a0f22503eb,2026-06-06 06:20:37,Dashboard,427
59484897-fdc8-44c0-a6ee-020ffb371306,2026-07-13 11:56:37,Billing,1461
59484897-fdc8-44c0-a6ee-020ffb371306,2026-06-15 12:22:37,Reports,1793
59484897-fdc8-44c0-a6ee-020ffb371306,2026-08-03 11:41:37,Dashboard,342
b5783987-2cb1-4508-b836-b346df6fff76,2026-07-05 01:54:37,Integrations,1647
b5783987-2cb1-4508-b836-b346df6fff76,2026-07-01 11:14:37,Export,330
b5783987-2cb1-4508-b836-b346df6fff76,2026-07-03 01:29:37,Integrations,1737
16dcfca0-b78e-4fcc-b2b0-80fafc998620,2026-07-22 12:35:37,Team Settings,82
d6616808-7a72-4f5c-8d16-274ef16368e2,2026-06-24 05:08:37,Billing,472
d6616808-7a72-4f5c-8d16-274ef16368e2,2026-05-19 16:05:37,Dashboard,420
b3f01b66-2c6b-4677-b5e9-9b640179d694,2026-07-22 10:38:37,Team Settings,697
b3f01b66-2c6b-4677-b5e9-9b640179d694,2026-05-16 21:42:37,Dashboard,1711
b3f01b66-2c6b-4677-b5e9-9b640179d694,2026-06-27 06:07:37,Reports,1358
d79d9751-cff8-4201-b5e6-7883566fd3ee,2026-06-05 07:31:37,Team Settings,727
d79d9751-cff8-4201-b5e6-7883566fd3ee,2026-08-08 17:53:37,Dashboard,425
d79d9751-cff8-4201-b5e6-7883566fd3ee,2026-06-10 00:54:37,Billing,1239
d79d9751-cff8-4201-b5e6-7883566fd3ee,2026-05-28 16:01:37,Dashboard,427
31943c00-6222-475b-b8e5-f73b716ac78b,2026-06-12 01:00:37,Reports,1200
f1c180b9-6c66-416f-9809-f6cc0ddac29c,2026-08-06 15:11:37,Dashboard,17
f1c180b9-6c66-416f-9809-f6cc0ddac29c,2026-06-28 03:40:37,Export,629
42df406b-5018-4643-8da1-96237a0014c0,2026-06-29 22:21:37,Team Settings,521
8f4ee33d-3a1c-4756-a7c3-8bd174cc43ad,2026-06-26 04:42:37,Billing,1671
8f4ee33d-3a1c-4756-a7c3-8bd174cc43ad,2026-08-02 10:14:37,Team Settings,210
17d10c92-8ca7-45d3-9645-6164b087b857,2026-07-28 04:11:37,Team Settings,959
17d10c92-8ca7-45d3-9645-6164b087b857,2026-08-07 08:47:37,Integrations,1201
17d10c92-8ca7-45d3-9645-6164b087b857,2026-07-29 20:08:37,Export,285
17d10c92-8ca7-45d3-9645-6164b087b857,2026-06-18 14:56:37,Billing,171
dfe79a11-1f47-4fdd-ada4-30baa3650d6d,2026-05-18 10:39:37,Billing,362
dfe79a11-1f47-4fdd-ada4-30baa3650d6d,2026-05-19 07:28:37,Dashboard,1740
a1974816-6b40-4638-8bea-78a554f15522,2026-07-04 05:33:37,Dashboard,233
a1974816-6b40-4638-8bea-78a554f15522,2026-07-12 06:40:37,Team Settings,568
a1974816-6b40-4638-8bea-78a554f15522,2026-06-03 16:42:37,Billing,973
1fb10d61-95bf-49c3-b0c9-d899d0928f51,2026-07-21 15:15:37,Dashboard,1052
d0cf61f5-b66a-4dc1-91fe-5659ab632c05,2026-06-26 03:31:37,Team Settings,1152
d0cf61f5-b66a-4dc1-91fe-5659ab632c05,2026-07-16 04:51:37,Reports,1503
e13cd79e-4a38-43df-8feb-c6fd37395555,2026-06-08 01:53:37,Dashboard,45
e13cd79e-4a38-43df-8feb-c6fd37395555,2026-07-29 08:18:37,Export,1183
e13cd79e-4a38-43df-8feb-c6fd37395555,2026-07-15 11:02:37,Reports,193
e13cd79e-4a38-43df-8feb-c6fd37395555,2026-07-21 04:56:37,Billing,78
1a587a8b-7c97-46f1-a686-98e8100a0e57,2026-06-21 14:16:37,Dashboard,612
1a587a8b-7c97-46f1-a686-98e8100a0e57,2026-05-31 06:44:37,Export,1199
1a587a8b-7c97-46f1-a686-98e8100a0e57,2026-07-15 02:34:37,Integrations,1602
d3adb152-4372-4527-8380-280ee3c6615b,2026-05-13 07:57:37,Reports,164
d3adb152-4372-4527-8380-280ee3c6615b,2026-05-26 23:43:37,Dashboard,455
d3adb152-4372-4527-8380-280ee3c6615b,2026-05-23 11:38:37,Billing,715
d3adb152-4372-4527-8380-280ee3c6615b,2026-07-31 19:12:37,Reports,37
f77b5305-e15f-4452-8775-a9532110d202,2026-06-19 20:47:37,Dashboard,1630
f77b5305-e15f-4452-8775-a9532110d202,2026-07-11 05:03:37,Integrations,1405
c5ebcc1c-8e44-4de7-9279-411c086cb099,2026-07-22 22:00:37,Reports,432
7297e1af-1323-4611-a023-3a004778f01d,2026-07-13 12:28:37,Export,151
7f32dff9-a7ed-43f4-9c6d-1af86b6bdf17,2026-08-06 18:16:37,Billing,156
7f32dff9-a7ed-43f4-9c6d-1af86b6bdf17,2026-05-25 13:45:37,Reports,1789
7f32dff9-a7ed-43f4-9c6d-1af86b6bdf17,2026-05-23 07:55:37,Billing,1625
fe2c857c-6537-4b90-aa2b-d17d61757993,2026-07-30 13:04:37,Billing,1208
fe2c857c-6537-4b90-aa2b-d17d61757993,2026-07-21 18:06:37,Export,1031
fe2c857c-6537-4b90-aa2b-d17d61757993,2026-07-25 00:56:37,Export,635
db1cc72c-6040-43bb-91c7-c5cee0103a56,2026-05-15 15:39:37,Team Settings,805
db1cc72c-6040-43bb-91c7-c5cee0103a56,2026-05-21 17:30:37,Export,1230
db1cc72c-6040-43bb-91c7-c5cee0103a56,2026-06-03 13:09:37,Dashboard,154
085f267c-5aec-47f4-bdc8-a54f576c9e11,2026-07-13 02:37:37,Integrations,952
085f267c-5aec-47f4-bdc8-a54f576c9e11,2026-06-01 01:53:37,Team Settings,1192
e49c9672-c4d2-4391-9e7c-8a54df1a2111,2026-05-18 20:59:37,Export,1413
e49c9672-c4d2-4391-9e7c-8a54df1a2111,2026-06-28 21:24:37,Dashboard,482
e49c9672-c4d2-4391-9e7c-8a54df1a2111,2026-05-19 11:56:37,Billing,1373
a8289053-ddea-48c9-bdbc-cc3404ecc4ad,2026-06-18 00:49:37,Billing,1016
a8289053-ddea-48c9-bdbc-cc3404ecc4ad,2026-05-26 09:42:37,Team Settings,872
a8289053-ddea-48c9-bdbc-cc3404ecc4ad,2026-06-19 14:30:37,Team Settings,313
a8289053-ddea-48c9-bdbc-cc3404ecc4ad,2026-06-29 16:36:37,Dashboard,739
bc94e14c-e685-4de8-a7f1-488a650cc27b,2026-06-12 14:47:37,Billing,702
bc94e14c-e685-4de8-a7f1-488a650cc27b,2026-07-31 01:38:37,Export,920
bc94e14c-e685-4de8-a7f1-488a650cc27b,2026-06-19 12:15:37,Reports,262
8c492ebc-9ae4-4584-9dd5-55b727721446,2026-05-15 13:47:37,Team Settings,1700
ea412d7c-ef49-4da8-b79b-2e8b8089d6f5,2026-06-23 01:28:37,Reports,757
80bf349a-fddb-4d6d-a72a-50f62294a2b9,2026-07-13 21:53:37,Integrations,822
cb555db3-d9b2-4e3a-884f-a04528d68b39,2026-06-08 22:53:37,Integrations,1634
cb555db3-d9b2-4e3a-884f-a04528d68b39,2026-05-26 02:55:37,Reports,815
539b7a50-b826-45f3-b1ba-2d2c87145839,2026-08-10 08:55:37,Reports,227
539b7a50-b826-45f3-b1ba-2d2c87145839,2026-07-10 19:13:37,Export,528
539b7a50-b826-45f3-b1ba-2d2c87145839,2026-06-26 12:43:37,Integrations,1519
539b7a50-b826-45f3-b1ba-2d2c87145839,2026-06-06 12:25:37,Reports,1557
96962aac-209b-4579-a33f-e99dfcaf7c1a,2026-05-17 20:45:37,Integrations,1292
96962aac-209b-4579-a33f-e99dfcaf7c1a,2026-06-29 19:32:37,Billing,756
08ec70b7-b329-4db8-aa16-d1b3736a4d4f,2026-05-18 11:09:37,Export,784
08ec70b7-b329-4db8-aa16-d1b3736a4d4f,2026-06-05 12:46:37,Export,1035
5bd76019-bd81-439c-a3f1-e655874f91b3,2026-06-25 11:48:37,Dashboard,1724
5bd76019-bd81-439c-a3f1-e655874f91b3,2026-05-16 06:14:37,Team Settings,931
5bd76019-bd81-439c-a3f1-e655874f91b3,2026-07-02 16:52:37,Reports,1507
e1569e2f-da67-4cde-8c76-661fa1de70f6,2026-06-14 08:29:37,Team Settings,295
e1569e2f-da67-4cde-8c76-661fa1de70f6,2026-08-11 01:40:37,Reports,1218
e1569e2f-da67-4cde-8c76-661fa1de70f6,2026-05-29 17:47:37,Team Settings,370
e1569e2f-da67-4cde-8c76-661fa1de70f6,2026-05-27 13:32:37,Export,1576
473aa375-9d3a-4b52-b512-6070c6dbfe69,2026-07-04 16:48:37,Team Settings,1137
8f321092-cb86-4a84-bee2-a5343b536e13,2026-05-20 06:58:37,Export,1324
8f321092-cb86-4a84-bee2-a5343b536e13,2026-06-23 18:04:37,Billing,1429
8f321092-cb86-4a84-bee2-a5343b536e13,2026-07-06 23:39:37,Integrations,1030
69e54cab-6f52-45f4-a802-7d0e7296b713,2026-06-28 05:37:37,Integrations,1668
69e54cab-6f52-45f4-a802-7d0e7296b713,2026-08-04 04:30:37,Export,1081
69e54cab-6f52-45f4-a802-7d0e7296b713,2026-07-20 12:30:37,Dashboard,1217
69e54cab-6f52-45f4-a802-7d0e7296b713,2026-07-03 21:00:37,Billing,1435
e21cd418-0533-4a73-8b11-60d01aa12377,2026-07-07 23:52:37,Team Settings,419
249aa8d3-5aad-4b19-9e0b-66f79a9d7be9,2026-06-30 19:24:37,Dashboard,1410
249aa8d3-5aad-4b19-9e0b-66f79a9d7be9,2026-07-08 22:24:37,Billing,804
249aa8d3-5aad-4b19-9e0b-66f79a9d7be9,2026-06-12 01:42:37,Reports,1290
249aa8d3-5aad-4b19-9e0b-66f79a9d7be9,2026-06-14 16:56:37,Team Settings,1319
615bf6c9-1290-4266-9221-2671e5c8b8f9,2026-07-02 08:40:37,Billing,1565
27bca0d5-7bcc-4fe5-bf93-c955241c6816,2026-06-11 12:14:37,Export,858
27bca0d5-7bcc-4fe5-bf93-c955241c6816,2026-08-02 01:24:37,Billing,1484
27bca0d5-7bcc-4fe5-bf93-c955241c6816,2026-06-21 16:58:37,Billing,1758
27bca0d5-7bcc-4fe5-bf93-c955241c6816,2026-05-23 06:33:37,Team Settings,1594
703e8cb1-b47a-444c-bcba-ff1dfdbff520,2026-05-13 15:30:37,Billing,1248
703e8cb1-b47a-444c-bcba-ff1dfdbff520,2026-06-26 01:34:37,Dashboard,1138
703e8cb1-b47a-444c-bcba-ff1dfdbff520,2026-07-29 14:06:37,Team Settings,1723
703e8cb1-b47a-444c-bcba-ff1dfdbff520,2026-07-28 00:39:37,Export,376
60983901-ce29-49f4-8e78-0a4696176dd0,2026-06-21 09:56:37,Billing,834
60983901-ce29-49f4-8e78-0a4696176dd0,2026-06-21 17:58:37,Billing,731
60983901-ce29-49f4-8e78-0a4696176dd0,2026-07-18 10:54:37,Reports,1104
91a5c6b0-8da6-4d98-9a42-ab595e99ca31,2026-06-19 11:50:37,Billing,288
91a5c6b0-8da6-4d98-9a42-ab595e99ca31,2026-07-14 23:06:37,Dashboard,861
91a5c6b0-8da6-4d98-9a42-ab595e99ca31,2026-08-02 17:49:37,Integrations,1382
91a5c6b0-8da6-4d98-9a42-ab595e99ca31,2026-07-11 15:22:37,Team Settings,453
135d8981-3395-448e-8dd0-39f625467fee,2026-07-06 11:59:37,Reports,324
135d8981-3395-448e-8dd0-39f625467fee,2026-07-13 11:55:37,Reports,1040
135d8981-3395-448e-8dd0-39f625467fee,2026-07-26 23:52:37,Dashboard,1536
135d8981-3395-448e-8dd0-39f625467fee,2026-05-19 20:53:37,Billing,283
53fefe35-4515-4a8f-b0ec-f1b7bd66b58a,2026-05-25 01:04:37,Dashboard,1595
53fefe35-4515-4a8f-b0ec-f1b7bd66b58a,2026-05-25 13:57:37,Integrations,574
53fefe35-4515-4a8f-b0ec-f1b7bd66b58a,2026-05-26 02:52:37,Reports,648
ff7a9a15-73f2-48b4-9ecb-b27bf8d4d79a,2026-05-16 14:53:37,Dashboard,751
ff7a9a15-73f2-48b4-9ecb-b27bf8d4d79a,2026-08-08 11:16:37,Dashboard,264
91a68053-0621-48f1-a8d8-d476a73915f5,2026-07-15 09:20:37,Export,1579
91a68053-0621-48f1-a8d8-d476a73915f5,2026-07-24 19:32:37,Integrations,136
0c7eaec9-ff53-4b30-9c35-21ae38d7e8dd,2026-05-27 16:11:37,Dashboard,96
0c7eaec9-ff53-4b30-9c35-21ae38d7e8dd,2026-06-03 19:42:37,Team Settings,474
0c7eaec9-ff53-4b30-9c35-21ae38d7e8dd,2026-07-04 12:50:37,Billing,692
0b9b5227-b604-43a1-8db7-479f8eb6704e,2026-05-31 02:36:37,Integrations,1640
0b9b5227-b604-43a1-8db7-479f8eb6704e,2026-07-15 23:56:37,Integrations,1114
0b9b5227-b604-43a1-8db7-479f8eb6704e,2026-08-08 02:00:37,Reports,73
0b9b5227-b604-43a1-8db7-479f8eb6704e,2026-06-08 01:22:37,Billing,144
0d5c3971-f433-43a5-817c-a3c09f9fb51a,2026-07-30 15:42:37,Team Settings,814
0d5c3971-f433-43a5-817c-a3c09f9fb51a,2026-06-06 15:23:37,Reports,1380
cfd07111-4eb2-4740-8f59-8c133b09080f,2026-06-03 23:07:37,Billing,161
cfd07111-4eb2-4740-8f59-8c133b09080f,2026-05-20 18:13:37,Reports,898
7cca8ae0-53c9-410c-b1b9-c0dec6ca92b1,2026-05-15 11:10:37,Team Settings,405
7cca8ae0-53c9-410c-b1b9-c0dec6ca92b1,2026-06-28 14:37:37,Dashboard,840
7cca8ae0-53c9-410c-b1b9-c0dec6ca92b1,2026-07-21 00:01:37,Reports,171
875ba1c3-11a9-40c3-93d9-d87d50d35650,2026-08-08 19:00:37,Reports,1633
875ba1c3-11a9-40c3-93d9-d87d50d35650,2026-05-12 10:37:37,Billing,427
875ba1c3-11a9-40c3-93d9-d87d50d35650,2026-05-31 10:56:37,Billing,1546
875ba1c3-11a9-40c3-93d9-d87d50d35650,2026-08-08 10:03:37,Integrations,1488
7f78655b-db3c-449b-8051-633d1a3b1326,2026-07-15 20:49:37,Export,1493
7f78655b-db3c-449b-8051-633d1a3b1326,2026-05-22 16:33:37,Integrations,742
9c022bb1-f506-445f-b465-289ff95b0b04,2026-05-30 13:29:37,Billing,641
86597ebe-ceb6-410a-8e40-32f2d19dbc5c,2026-05-14 22:23:37,Dashboard,1662
bbb8a3a7-3f0e-46fb-af82-1361f14860d0,2026-07-28 23:43:37,Reports,760
bbb8a3a7-3f0e-46fb-af82-1361f14860d0,2026-06-11 18:44:37,Billing,1642
bbb8a3a7-3f0e-46fb-af82-1361f14860d0,2026-07-01 17:52:37,Reports,1755
bb7b8799-c20b-4adc-bbe3-1629da49beff,2026-05-31 01:17:37,Team Settings,443
bb7b8799-c20b-4adc-bbe3-1629da49beff,2026-06-27 01:07:37,Dashboard,410
bb7b8799-c20b-4adc-bbe3-1629da49beff,2026-05-13 00:57:37,Integrations,909
bb7b8799-c20b-4adc-bbe3-1629da49beff,2026-06-23 03:58:37,Team Settings,289
72c19964-af42-4b50-9861-ee9c6a6a9dd4,2026-08-10 06:36:37,Export,1213
36c5678e-3c45-43f8-972b-722d65afd899,2026-06-24 09:49:37,Dashboard,964
36c5678e-3c45-43f8-972b-722d65afd899,2026-08-06 02:53:37,Integrations,1109
36c5678e-3c45-43f8-972b-722d65afd899,2026-08-01 23:28:37,Integrations,1161
36c5678e-3c45-43f8-972b-722d65afd899,2026-06-12 18:00:37,Export,436
26730da4-ea57-44d0-9e7c-79f01d310151,2026-07-15 22:25:37,Dashboard,215
db4fcea1-9de1-4a65-838b-cb213b9a8c88,2026-07-26 03:21:37,Team Settings,1186
db4fcea1-9de1-4a65-838b-cb213b9a8c88,2026-05-28 13:06:37,Export,915
db4fcea1-9de1-4a65-838b-cb213b9a8c88,2026-08-02 15:03:37,Export,125
db4fcea1-9de1-4a65-838b-cb213b9a8c88,2026-06-12 04:24:37,Export,1393
53de08f4-a3d4-4d29-a10e-e067e61f9bba,2026-05-19 18:05:37,Team Settings,1255
313a1c9f-4350-4dab-ac84-533dee477503,2026-07-26 18:11:37,Team Settings,143
f918ebe8-67d7-4789-b78a-aa636c06bfc3,2026-07-13 09:24:37,Integrations,1628
211d3459-3e07-49db-87e5-ab7a448182e0,2026-05-21 10:02:37,Export,93
19875afd-006a-4450-863a-59f33c10a2c3,2026-07-30 02:58:37,Dashboard,92
33cce1ba-ecf0-4359-ac07-b54e9eecae6e,2026-08-04 21:34:37,Reports,1602
33cce1ba-ecf0-4359-ac07-b54e9eecae6e,2026-05-17 07:50:37,Integrations,1322
33cce1ba-ecf0-4359-ac07-b54e9eecae6e,2026-05-29 20:33:37,Dashboard,329
d0338ae2-1ff0-4220-a852-ed3380546cf3,2026-08-08 18:01:37,Dashboard,1570
d0338ae2-1ff0-4220-a852-ed3380546cf3,2026-05-13 06:38:37,Reports,1667
d0338ae2-1ff0-4220-a852-ed3380546cf3,2026-06-05 04:10:37,Integrations,677
ee6794ab-6efb-43bb-b8b2-f5f44e2c48a4,2026-06-24 09:45:37,Dashboard,1153
ee6794ab-6efb-43bb-b8b2-f5f44e2c48a4,2026-05-21 07:17:37,Integrations,1284
ee6794ab-6efb-43bb-b8b2-f5f44e2c48a4,2026-05-24 13:59:37,Integrations,173
ee6794ab-6efb-43bb-b8b2-f5f44e2c48a4,2026-05-13 08:07:37,Integrations,1274
a50b9974-8468-472d-b526-b64f2a9a0e0c,2026-06-13 21:07:37,Dashboard,1161
a50b9974-8468-472d-b526-b64f2a9a0e0c,2026-07-16 09:38:37,Integrations,1677
010492b3-561f-42e6-863c-40523d750ff8,2026-07-16 06:04:37,Export,1521
010492b3-561f-42e6-863c-40523d750ff8,2026-07-15 12:22:37,Dashboard,1269
010492b3-561f-42e6-863c-40523d750ff8,2026-07-30 16:16:37,Billing,1402
bdb4942a-d3a4-4f3c-a0ce-584ba56cb2e4,2026-07-30 07:26:37,Billing,634
850cc9fe-84bc-42e4-bcd8-39ecc9451df0,2026-07-05 05:18:37,Integrations,1195
850cc9fe-84bc-42e4-bcd8-39ecc9451df0,2026-06-30 03:49:37,Dashboard,168
83c4a0f7-8c63-4423-b9a3-96ba79228e41,2026-07-14 17:25:37,Team Settings,849
83c4a0f7-8c63-4423-b9a3-96ba79228e41,2026-05-24 15:08:37,Reports,1568
83c4a0f7-8c63-4423-b9a3-96ba79228e41,2026-08-01 08:56:37,Dashboard,1482
83c4a0f7-8c63-4423-b9a3-96ba79228e41,2026-08-07 12:06:37,Reports,1755
4a09500b-e74b-498c-b3e9-f4121aad6276,2026-08-04 04:10:37,Billing,919
4a09500b-e74b-498c-b3e9-f4121aad6276,2026-07-09 11:41:37,Billing,1628
4a09500b-e74b-498c-b3e9-f4121aad6276,2026-07-03 22:48:37,Billing,797
7ac6f200-4d29-4af6-ad22-80977e639544,2026-06-16 04:08:37,Export,984
5b68946d-4891-4dbe-b02e-edffd5f8a911,2026-07-01 00:58:37,Reports,41
5b68946d-4891-4dbe-b02e-edffd5f8a911,2026-06-19 16:48:37,Billing,487
5b68946d-4891-4dbe-b02e-edffd5f8a911,2026-06-02 21:51:37,Billing,18
5b68946d-4891-4dbe-b02e-edffd5f8a911,2026-07-11 22:59:37,Dashboard,1104
d2b63b2e-0bd8-4c56-8f8a-56bc0aa5dff2,2026-07-29 07:57:37,Billing,885
fb23c75a-9a6a-420f-800c-048de923ca0f,2026-06-26 07:15:37,Dashboard,953
fb23c75a-9a6a-420f-800c-048de923ca0f,2026-07-22 03:16:37,Dashboard,1346
052927fe-e69b-49e9-8ad4-7ee349444c0d,2026-07-10 19:50:37,Integrations,1427
052927fe-e69b-49e9-8ad4-7ee349444c0d,2026-05-23 07:08:37,Reports,461
052927fe-e69b-49e9-8ad4-7ee349444c0d,2026-07-06 09:04:37,Billing,898
052927fe-e69b-49e9-8ad4-7ee349444c0d,2026-07-27 04:10:37,Team Settings,1273
bff7488c-0696-4075-95d7-540a0fa37145,2026-05-14 10:31:37,Team Settings,523
820054d9-3750-4844-b63e-eccec0e6218c,2026-07-10 09:44:37,Export,1789
820054d9-3750-4844-b63e-eccec0e6218c,2026-07-15 13:33:37,Integrations,1358
1d0e978c-94ba-45d1-a26a-f2a6dff4f2ce,2026-07-23 13:45:37,Integrations,154
1d0e978c-94ba-45d1-a26a-f2a6dff4f2ce,2026-05-14 21:30:37,Dashboard,145
1d0e978c-94ba-45d1-a26a-f2a6dff4f2ce,2026-08-02 16:49:37,Dashboard,755
1d0e978c-94ba-45d1-a26a-f2a6dff4f2ce,2026-08-02 05:14:37,Dashboard,1494
78ba00dd-6803-467e-a0a3-682f4aa69621,2026-05-20 17:05:37,Billing,1590
78ba00dd-6803-467e-a0a3-682f4aa69621,2026-06-15 03:52:37,Dashboard,537
78ba00dd-6803-467e-a0a3-682f4aa69621,2026-07-03 21:23:37,Export,1427
44f3f0db-f0ac-49f2-b3f0-1dc928513bd9,2026-06-15 09:53:37,Dashboard,1778
f410650a-8634-458a-bfdd-c4a3f1275c88,2026-06-28 22:56:37,Reports,77
f410650a-8634-458a-bfdd-c4a3f1275c88,2026-06-23 02:43:37,Reports,1659
f410650a-8634-458a-bfdd-c4a3f1275c88,2026-06-27 12:28:37,Billing,1294
2aeb78ea-16f0-4636-9e9e-99a01bd7a560,2026-08-02 07:39:37,Export,1370
3d00d11f-5cd9-49df-a7c8-b6f8b4fdb6e9,2026-07-02 12:33:37,Reports,108
3d00d11f-5cd9-49df-a7c8-b6f8b4fdb6e9,2026-07-23 18:43:37,Dashboard,799
3d00d11f-5cd9-49df-a7c8-b6f8b4fdb6e9,2026-07-09 13:44:37,Integrations,1210
3d00d11f-5cd9-49df-a7c8-b6f8b4fdb6e9,2026-07-14 08:45:37,Billing,45
71e95291-2b7a-4b4e-80f3-93cf106882c6,2026-07-25 22:26:37,Integrations,1494
71e95291-2b7a-4b4e-80f3-93cf106882c6,2026-07-20 05:26:37,Export,530
1c973d1c-1e5e-4c70-ad59-c12e5b298a5a,2026-06-26 04:16:37,Export,243
1c973d1c-1e5e-4c70-ad59-c12e5b298a5a,2026-07-11 04:31:37,Team Settings,1581
096fede7-8470-4f83-9ee6-a2b77cdc31e5,2026-05-20 02:53:37,Reports,1576
53547069-1f7d-4f62-af34-8438b2ece131,2026-06-26 02:08:37,Team Settings,553
53547069-1f7d-4f62-af34-8438b2ece131,2026-08-11 08:43:37,Export,787
53547069-1f7d-4f62-af34-8438b2ece131,2026-06-25 02:31:37,Dashboard,982
4b9b4d68-57bc-432a-b79f-ce6232a85ce9,2026-06-10 06:42:37,Team Settings,1152
4b9b4d68-57bc-432a-b79f-ce6232a85ce9,2026-06-10 07:24:37,Dashboard,1008
4b9b4d68-57bc-432a-b79f-ce6232a85ce9,2026-06-11 03:51:37,Reports,887
55690ebe-24d8-4af3-8336-d6358141ae5e,2026-08-04 06:37:37,Dashboard,559
55690ebe-24d8-4af3-8336-d6358141ae5e,2026-06-25 19:19:37,Reports,708
55690ebe-24d8-4af3-8336-d6358141ae5e,2026-06-01 08:45:37,Integrations,470
4014fac9-3fb8-438b-a2d7-417d00e9c5bf,2026-07-14 15:10:37,Team Settings,240
4014fac9-3fb8-438b-a2d7-417d00e9c5bf,2026-08-03 20:16:37,Dashboard,505
4014fac9-3fb8-438b-a2d7-417d00e9c5bf,2026-06-06 04:17:37,Billing,449
f92e7db1-ecd1-4779-b04a-9d8240d5f642,2026-07-08 18:50:37,Team Settings,1622
f92e7db1-ecd1-4779-b04a-9d8240d5f642,2026-07-26 06:58:37,Team Settings,1307
f92e7db1-ecd1-4779-b04a-9d8240d5f642,2026-07-02 06:36:37,Billing,1372
492bbf3f-4043-46b4-a22f-fd6e4190202c,2026-08-03 06:04:37,Team Settings,1001
492bbf3f-4043-46b4-a22f-fd6e4190202c,2026-07-10 04:17:37,Dashboard,1300
6b0f1a5f-0b23-460a-a6e2-18278bbfd89d,2026-08-07 13:19:37,Export,1531
6b0f1a5f-0b23-460a-a6e2-18278bbfd89d,2026-08-06 16:08:37,Reports,1597
6b0f1a5f-0b23-460a-a6e2-18278bbfd89d,2026-06-08 12:11:37,Reports,1348
6b0f1a5f-0b23-460a-a6e2-18278bbfd89d,2026-06-26 05:25:37,Billing,1531
4014fc73-ed35-439a-8f13-1b63d8fcd478,2026-05-18 13:38:37,Export,479
4014fc73-ed35-439a-8f13-1b63d8fcd478,2026-08-08 14:20:37,Export,182
a7e729c0-15bc-426c-b4c4-c93d29417be1,2026-07-15 08:31:37,Team Settings,302
a7e729c0-15bc-426c-b4c4-c93d29417be1,2026-07-18 00:02:37,Billing,1209
a7e729c0-15bc-426c-b4c4-c93d29417be1,2026-07-17 07:24:37,Dashboard,1405
ad95ae0f-688a-4ba4-b6ba-943aac9bbd32,2026-08-09 22:19:37,Reports,149
ed207729-f304-4311-b3e1-92ce26cca057,2026-06-24 16:55:37,Export,1022
ed207729-f304-4311-b3e1-92ce26cca057,2026-05-17 03:10:37,Reports,409
ed207729-f304-4311-b3e1-92ce26cca057,2026-06-12 03:30:37,Team Settings,569
cea071c6-1042-4e0c-80d3-c631e7667b0a,2026-07-01 08:23:37,Reports,717
55b16f89-e750-4cef-a356-d343c927d6fc,2026-05-17 11:48:37,Integrations,780
55b16f89-e750-4cef-a356-d343c927d6fc,2026-07-22 01:57:37,Dashboard,332
55b16f89-e750-4cef-a356-d343c927d6fc,2026-05-26 01:11:37,Team Settings,987
16982188-2221-4667-8751-908a7cfdb252,2026-06-01 11:25:37,Reports,549
16982188-2221-4667-8751-908a7cfdb252,2026-07-11 16:42:37,Billing,867
16982188-2221-4667-8751-908a7cfdb252,2026-07-23 05:16:37,Reports,1205
16982188-2221-4667-8751-908a7cfdb252,2026-07-01 08:39:37,Reports,880
f0f9dcb3-3c85-4353-ab0f-340d2126e6fd,2026-07-31 14:57:37,Team Settings,1632
e08ef5d0-24ca-4ef2-a4ca-696cf3235c67,2026-07-09 15:07:37,Reports,1776
e08ef5d0-24ca-4ef2-a4ca-696cf3235c67,2026-07-22 10:32:37,Export,850
e08ef5d0-24ca-4ef2-a4ca-696cf3235c67,2026-07-30 08:22:37,Dashboard,50
f892ad4a-f585-4a48-8d7d-e1ab91fb4c1c,2026-08-02 00:01:37,Reports,1797
f892ad4a-f585-4a48-8d7d-e1ab91fb4c1c,2026-07-24 20:45:37,Integrations,786
87ad18db-dee3-4d64-8483-f6938628429c,2026-05-18 13:04:37,Integrations,1209
87ad18db-dee3-4d64-8483-f6938628429c,2026-07-27 19:34:37,Team Settings,1362
7ac174b7-e5dd-4be7-9052-26fb56475ad8,2026-05-27 11:58:37,Billing,1083
7ac174b7-e5dd-4be7-9052-26fb56475ad8,2026-06-01 03:22:37,Dashboard,1227
7ac174b7-e5dd-4be7-9052-26fb56475ad8,2026-07-09 15:25:37,Reports,1775
7ac174b7-e5dd-4be7-9052-26fb56475ad8,2026-05-15 01:08:37,Reports,858
fe378c17-da89-4670-9d11-ecdb8a653d9a,2026-06-05 01:06:37,Dashboard,1450
fe378c17-da89-4670-9d11-ecdb8a653d9a,2026-08-03 14:06:37,Team Settings,449
99c2b496-a92f-4c7e-9b4e-13b74110b449,2026-08-09 19:19:37,Billing,1403
99c2b496-a92f-4c7e-9b4e-13b74110b449,2026-05-12 12:53:37,Reports,968
fe7908da-c045-48aa-a1d0-73689acae60a,2026-07-12 20:44:37,Reports,1126
fe7908da-c045-48aa-a1d0-73689acae60a,2026-06-19 21:41:37,Export,491
62cd94d9-91c5-4616-b29b-eed3fedd2fe3,2026-05-12 22:25:37,Export,1027
62cd94d9-91c5-4616-b29b-eed3fedd2fe3,2026-06-26 05:35:37,Export,455
e03cd796-6401-4196-ba28-626c02978bdd,2026-07-28 08:17:37,Reports,846
e03cd796-6401-4196-ba28-626c02978bdd,2026-05-24 20:08:37,Dashboard,976
dda255c2-2f55-4ce9-aab1-2ffdb1f5027c,2026-06-13 23:13:37,Integrations,743
dda255c2-2f55-4ce9-aab1-2ffdb1f5027c,2026-06-27 11:01:37,Team Settings,659
dda255c2-2f55-4ce9-aab1-2ffdb1f5027c,2026-07-19 18:05:37,Dashboard,1400
dda255c2-2f55-4ce9-aab1-2ffdb1f5027c,2026-05-17 04:24:37,Billing,254
df5d3d3e-9bd9-48d3-b203-847e6d2edd1a,2026-06-01 13:36:37,Export,524
df5d3d3e-9bd9-48d3-b203-847e6d2edd1a,2026-05-12 15:00:37,Reports,771
e2f47540-f9fc-4405-bdd0-11c2ff84135d,2026-05-20 01:39:37,Dashboard,1246
e2f47540-f9fc-4405-bdd0-11c2ff84135d,2026-06-13 11:53:37,Integrations,108
1fde5ab1-0bca-420d-9682-8450f11ca7ee,2026-08-09 14:15:37,Team Settings,1501
eff03bc1-1da6-4b5f-8867-a0eb7670a49f,2026-07-08 09:45:37,Dashboard,1729
eff03bc1-1da6-4b5f-8867-a0eb7670a49f,2026-07-20 07:05:37,Reports,23
eff03bc1-1da6-4b5f-8867-a0eb7670a49f,2026-07-20 02:38:37,Billing,1471
eff03bc1-1da6-4b5f-8867-a0eb7670a49f,2026-07-12 09:48:37,Dashboard,183
4adb86d9-01ca-4b99-8c91-afa01de20d69,2026-07-22 18:28:37,Dashboard,1084
3b323003-07ec-4d70-8aa7-2c46d335e59d,2026-07-02 00:23:37,Export,995
3b323003-07ec-4d70-8aa7-2c46d335e59d,2026-07-08 23:46:37,Dashboard,555
371fe871-e8da-474c-bbe3-bb490956f755,2026-07-09 07:45:37,Integrations,122
6782fab3-4eed-4944-95f9-c85df3bc8194,2026-07-25 10:28:37,Billing,1042
6782fab3-4eed-4944-95f9-c85df3bc8194,2026-06-10 05:37:37,Integrations,1162
5deae017-a857-42ba-b651-657ef79a5537,2026-05-14 20:25:37,Billing,1483
f0f280c1-1c58-4842-8473-0713d1f61afb,2026-07-03 06:58:37,Team Settings,207
462c8b4f-2d39-4e99-a696-243c79b2f11c,2026-07-23 02:59:37,Export,941
462c8b4f-2d39-4e99-a696-243c79b2f11c,2026-06-13 02:10:37,Dashboard,1704
462c8b4f-2d39-4e99-a696-243c79b2f11c,2026-05-18 18:13:37,Team Settings,298
462c8b4f-2d39-4e99-a696-243c79b2f11c,2026-08-10 02:50:37,Integrations,456
6cb486d1-2886-4ea6-9262-4d7b77a0819f,2026-07-12 01:17:37,Team Settings,1083
6cb486d1-2886-4ea6-9262-4d7b77a0819f,2026-06-03 23:03:37,Dashboard,78
6cb486d1-2886-4ea6-9262-4d7b77a0819f,2026-07-12 10:48:37,Reports,1065
39f6238b-4460-4738-a16e-b0bcc13856e0,2026-07-14 13:04:37,Export,945
39f6238b-4460-4738-a16e-b0bcc13856e0,2026-05-25 02:52:37,Reports,434
94defea5-d7f5-4b8f-a73a-03cb3b860038,2026-05-19 01:41:37,Reports,142
94defea5-d7f5-4b8f-a73a-03cb3b860038,2026-07-13 19:00:37,Billing,1708
3767c349-abcf-40fc-adfb-903c72267f4b,2026-06-21 23:16:37,Export,642
3767c349-abcf-40fc-adfb-903c72267f4b,2026-08-03 14:29:37,Dashboard,616
faa5dbb9-de69-4a65-91fa-2fc9f902f862,2026-06-07 02:40:37,Reports,1304
faa5dbb9-de69-4a65-91fa-2fc9f902f862,2026-07-10 19:48:37,Reports,671
863a3867-fcd6-446b-9d56-a49f10a29d6f,2026-06-05 22:06:37,Export,990
863a3867-fcd6-446b-9d56-a49f10a29d6f,2026-06-05 00:00:37,Dashboard,232
863a3867-fcd6-446b-9d56-a49f10a29d6f,2026-05-19 07:10:37,Team Settings,910
863a3867-fcd6-446b-9d56-a49f10a29d6f,2026-06-11 07:33:37,Export,1066
4f6b72f2-ec08-4d53-9d36-693810d268b5,2026-06-14 22:55:37,Team Settings,1473
a96b016e-7bb9-4a84-9f1f-5c5a14176804,2026-05-12 22:15:37,Team Settings,1611
a96b016e-7bb9-4a84-9f1f-5c5a14176804,2026-07-01 14:46:37,Dashboard,1590
a96b016e-7bb9-4a84-9f1f-5c5a14176804,2026-06-14 07:09:37,Billing,287
b2b1d687-2133-46b0-9a06-0429b934f99c,2026-07-26 07:20:37,Export,1283
b2b1d687-2133-46b0-9a06-0429b934f99c,2026-08-07 00:07:37,Dashboard,1760
b2b1d687-2133-46b0-9a06-0429b934f99c,2026-05-18 23:22:37,Integrations,190
b2b1d687-2133-46b0-9a06-0429b934f99c,2026-07-23 21:05:37,Dashboard,1481
34d1eac0-1f76-4ea4-a59b-a82ca2388edd,2026-05-18 05:16:37,Dashboard,1448
34d1eac0-1f76-4ea4-a59b-a82ca2388edd,2026-08-01 23:39:37,Integrations,1251
178f73c7-a79a-4459-8631-b9e27e3274e2,2026-07-21 02:38:37,Team Settings,1581
178f73c7-a79a-4459-8631-b9e27e3274e2,2026-06-17 11:28:37,Billing,267
178f73c7-a79a-4459-8631-b9e27e3274e2,2026-07-10 19:14:37,Dashboard,202
33ab11ed-9f50-4197-92d3-25bb7313153e,2026-06-22 18:35:37,Reports,1252
33ab11ed-9f50-4197-92d3-25bb7313153e,2026-07-05 19:24:37,Export,428
54c2994e-2779-4f53-83a8-96ea0e0f5ed3,2026-07-17 18:43:37,Integrations,708
a0334960-03de-416e-89f6-25813bd944fc,2026-08-08 01:17:37,Team Settings,1682
c0398004-897b-4fa3-a303-b7045c80175d,2026-05-24 23:29:37,Reports,1508
d01412f9-cda5-4c33-95fa-b4c4b7863fca,2026-05-16 03:07:37,Team Settings,130
d01412f9-cda5-4c33-95fa-b4c4b7863fca,2026-08-11 02:13:37,Billing,36
629ce6eb-439d-497c-a38f-0e94f0a8b912,2026-05-26 07:52:37,Dashboard,684
629ce6eb-439d-497c-a38f-0e94f0a8b912,2026-07-12 22:57:37,Billing,764
c95cf20f-9ee0-466e-88c5-531e906feaa4,2026-06-24 14:27:37,Team Settings,789
c95cf20f-9ee0-466e-88c5-531e906feaa4,2026-07-06 06:35:37,Dashboard,1399
e6930d54-a940-44f6-b4d0-af5174184858,2026-05-21 15:01:37,Reports,1688
e6930d54-a940-44f6-b4d0-af5174184858,2026-05-21 07:53:37,Export,366
e6930d54-a940-44f6-b4d0-af5174184858,2026-07-23 00:33:37,Integrations,1358
51177bd7-7753-4123-b6f4-70aea9f2ecd2,2026-06-23 19:56:37,Billing,288
51177bd7-7753-4123-b6f4-70aea9f2ecd2,2026-07-11 16:04:37,Billing,1388
ae57df1c-e886-4e78-97b8-db45dd844100,2026-07-19 22:53:37,Reports,1770
ae57df1c-e886-4e78-97b8-db45dd844100,2026-05-16 16:08:37,Dashboard,1640
d4a30053-d626-4b34-adc4-72765920e868,2026-06-13 23:19:37,Team Settings,1617
d4a30053-d626-4b34-adc4-72765920e868,2026-07-14 10:28:37,Billing,525
d4a30053-d626-4b34-adc4-72765920e868,2026-08-03 06:42:37,Billing,68
d4a30053-d626-4b34-adc4-72765920e868,2026-08-08 02:26:37,Dashboard,1274
e8c2cc02-0183-4b44-b5b1-652478450123,2026-08-05 02:54:37,Team Settings,1325
e8c2cc02-0183-4b44-b5b1-652478450123,2026-06-20 23:58:37,Team Settings,789
e8c2cc02-0183-4b44-b5b1-652478450123,2026-07-02 13:09:37,Integrations,978
0d088a1a-1a8c-47bc-b1e3-2883567c8d57,2026-06-27 09:56:37,Billing,1528
0d088a1a-1a8c-47bc-b1e3-2883567c8d57,2026-06-26 14:51:37,Dashboard,1243
247162ce-3d2f-42d6-8137-18cef4c9bca7,2026-06-06 07:19:37,Team Settings,867
247162ce-3d2f-42d6-8137-18cef4c9bca7,2026-08-09 12:35:37,Reports,441
247162ce-3d2f-42d6-8137-18cef4c9bca7,2026-06-25 16:26:37,Export,1440
247162ce-3d2f-42d6-8137-18cef4c9bca7,2026-07-26 12:51:37,Integrations,86
be8c5181-2071-426c-8fa9-914887b56150,2026-05-27 15:22:37,Dashboard,1484
be8c5181-2071-426c-8fa9-914887b56150,2026-07-25 20:44:37,Reports,1087
be8c5181-2071-426c-8fa9-914887b56150,2026-07-04 16:59:37,Export,745
9072713f-561f-4c1b-952b-f2d759535fb8,2026-05-26 08:35:37,Billing,1525
af15cd0d-ea79-4271-9081-036e922ea5f0,2026-07-21 21:09:37,Export,172
af15cd0d-ea79-4271-9081-036e922ea5f0,2026-06-19 03:29:37,Billing,688
af15cd0d-ea79-4271-9081-036e922ea5f0,2026-06-06 10:38:37,Team Settings,1134
4218c602-d70e-46e7-9c17-2280d46e79e7,2026-08-09 11:54:37,Reports,1253
4218c602-d70e-46e7-9c17-2280d46e79e7,2026-06-23 15:52:37,Reports,390
4218c602-d70e-46e7-9c17-2280d46e79e7,2026-08-08 13:14:37,Dashboard,1793
4218c602-d70e-46e7-9c17-2280d46e79e7,2026-05-30 22:46:37,Dashboard,439
c2c24860-bbc1-459f-9b82-793b0704bdd1,2026-08-08 16:55:37,Export,1474
c2c24860-bbc1-459f-9b82-793b0704bdd1,2026-07-14 17:20:37,Reports,1161
c2c24860-bbc1-459f-9b82-793b0704bdd1,2026-07-15 05:40:37,Export,912
c2c24860-bbc1-459f-9b82-793b0704bdd1,2026-08-07 20:41:37,Integrations,1423
3383aeb0-8d25-4b8a-af45-cdf55f243a5f,2026-05-26 01:35:37,Team Settings,458
3383aeb0-8d25-4b8a-af45-cdf55f243a5f,2026-06-06 13:20:37,Dashboard,204
016a1918-9928-49de-9f4a-1588fe2609b7,2026-07-20 09:59:37,Reports,1117
016a1918-9928-49de-9f4a-1588fe2609b7,2026-07-10 02:16:37,Reports,490
1c268f25-b778-47b8-a771-9f7e60da1dea,2026-07-20 03:12:37,Export,1491
1c268f25-b778-47b8-a771-9f7e60da1dea,2026-07-27 10:20:37,Export,1231
1c268f25-b778-47b8-a771-9f7e60da1dea,2026-05-13 03:32:37,Team Settings,1061
1c268f25-b778-47b8-a771-9f7e60da1dea,2026-08-04 18:49:37,Team Settings,1795
946a67c0-37d4-40a2-a93f-fce64719ac14,2026-05-16 20:40:37,Billing,957
946a67c0-37d4-40a2-a93f-fce64719ac14,2026-07-20 13:36:37,Integrations,703
946a67c0-37d4-40a2-a93f-fce64719ac14,2026-06-19 10:34:37,Reports,481
946a67c0-37d4-40a2-a93f-fce64719ac14,2026-07-21 20:27:37,Integrations,907
2aa6c6ac-29cd-4339-a980-45d54a9e1c01,2026-07-03 04:09:37,Reports,927
2aa6c6ac-29cd-4339-a980-45d54a9e1c01,2026-08-01 05:37:37,Integrations,661
59332ee4-3c32-4aa1-9387-cad2cead7a3d,2026-07-05 04:23:37,Team Settings,1735
59332ee4-3c32-4aa1-9387-cad2cead7a3d,2026-06-15 15:18:37,Team Settings,582
59332ee4-3c32-4aa1-9387-cad2cead7a3d,2026-06-11 17:37:37,Team Settings,1227
59332ee4-3c32-4aa1-9387-cad2cead7a3d,2026-06-07 05:17:37,Reports,492
90176b19-8557-409e-b6db-b3d4eb7d7d11,2026-05-13 21:45:37,Team Settings,220
90176b19-8557-409e-b6db-b3d4eb7d7d11,2026-06-26 10:22:37,Billing,735
f3d83220-9c55-4023-8625-ca2683bf61d8,2026-05-21 05:20:37,Integrations,1137
f3d83220-9c55-4023-8625-ca2683bf61d8,2026-08-11 07:55:37,Export,991
f3d83220-9c55-4023-8625-ca2683bf61d8,2026-06-26 17:09:37,Export,1404
ebbce64b-fad4-48a8-b9d7-d5a7576c3b1e,2026-06-16 14:30:37,Reports,1150
ebbce64b-fad4-48a8-b9d7-d5a7576c3b1e,2026-05-19 12:02:37,Export,23
ebbce64b-fad4-48a8-b9d7-d5a7576c3b1e,2026-05-16 05:09:37,Billing,1403
1f78d6c3-06a5-48b0-99ed-fd76e7f3aedb,2026-06-30 15:13:37,Export,464
1f78d6c3-06a5-48b0-99ed-fd76e7f3aedb,2026-06-29 04:14:37,Integrations,839
1f78d6c3-06a5-48b0-99ed-fd76e7f3aedb,2026-05-20 04:31:37,Dashboard,293
78629e5c-49f0-4e2c-8f98-4adc3ce61431,2026-06-30 18:21:37,Team Settings,577
78629e5c-49f0-4e2c-8f98-4adc3ce61431,2026-06-25 16:52:37,Dashboard,731
78629e5c-49f0-4e2c-8f98-4adc3ce61431,2026-06-01 15:59:37,Billing,1324
78629e5c-49f0-4e2c-8f98-4adc3ce61431,2026-06-11 06:28:37,Billing,807
e0dcca02-9d28-45b3-ab54-9d5864d52023,2026-05-25 14:59:37,Billing,49
e0dcca02-9d28-45b3-ab54-9d5864d52023,2026-06-24 21:45:37,Billing,1674
e0dcca02-9d28-45b3-ab54-9d5864d52023,2026-05-22 16:49:37,Billing,695
e0dcca02-9d28-45b3-ab54-9d5864d52023,2026-07-05 18:39:37,Export,787
243476f9-df80-4b34-b378-faf1fea9fd48,2026-07-16 08:02:37,Reports,315
3369a884-5c03-4377-8d1f-dd8bb17b2e61,2026-07-13 02:46:37,Team Settings,555
3369a884-5c03-4377-8d1f-dd8bb17b2e61,2026-07-26 10:03:37,Dashboard,309
1c62576f-9192-4287-ade0-532bb7099d00,2026-06-02 07:00:37,Reports,903
1c62576f-9192-4287-ade0-532bb7099d00,2026-07-18 08:02:37,Team Settings,1773
1c62576f-9192-4287-ade0-532bb7099d00,2026-06-22 20:44:37,Export,1466
1c62576f-9192-4287-ade0-532bb7099d00,2026-07-19 14:41:37,Billing,93
fd1c3960-573e-4860-bf5f-2e504ddc170f,2026-07-27 08:48:37,Billing,1465
f9602155-c982-46e3-9f2c-6ff76186d506,2026-07-27 19:39:37,Dashboard,385
29cbd288-505d-45d4-bd20-c4f49ebbbc38,2026-05-25 22:06:37,Reports,753
d2cc5cad-ade3-4985-a347-ddf38769d2b8,2026-06-30 21:23:37,Billing,928
d2cc5cad-ade3-4985-a347-ddf38769d2b8,2026-07-12 18:48:37,Export,1460
d2cc5cad-ade3-4985-a347-ddf38769d2b8,2026-07-20 04:38:37,Reports,1640
1b9201e7-99e7-461c-be81-b7922a28d277,2026-05-22 10:08:37,Dashboard,927
1b9201e7-99e7-461c-be81-b7922a28d277,2026-06-04 14:06:37,Dashboard,1618
47e648ea-010a-4607-bfb2-ce3076e7b72a,2026-06-01 15:49:37,Team Settings,914
47e648ea-010a-4607-bfb2-ce3076e7b72a,2026-08-08 14:09:37,Billing,1367
47e648ea-010a-4607-bfb2-ce3076e7b72a,2026-06-21 17:40:37,Dashboard,1625
c7fa72f8-2f38-4862-a987-b4edc2f9fb20,2026-06-06 05:18:37,Reports,1424
c7fa72f8-2f38-4862-a987-b4edc2f9fb20,2026-06-23 04:05:37,Export,24
c7fa72f8-2f38-4862-a987-b4edc2f9fb20,2026-06-07 11:17:37,Dashboard,1744
c7fa72f8-2f38-4862-a987-b4edc2f9fb20,2026-06-25 20:04:37,Export,402
9c549f71-926a-4ac0-9093-9a233ec4600e,2026-06-23 10:07:37,Team Settings,698
9c549f71-926a-4ac0-9093-9a233ec4600e,2026-06-10 14:50:37,Integrations,345
9c549f71-926a-4ac0-9093-9a233ec4600e,2026-07-01 21:37:37,Billing,447
9c549f71-926a-4ac0-9093-9a233ec4600e,2026-05-17 13:57:37,Dashboard,1202
7b5cd43e-ec5c-4c0a-b34c-b84fed1b0324,2026-07-01 13:01:37,Integrations,552
7b5cd43e-ec5c-4c0a-b34c-b84fed1b0324,2026-05-24 23:39:37,Integrations,1771
e9bba54d-69dd-4472-ae63-36b1d132907c,2026-06-10 00:55:37,Dashboard,1022
e9bba54d-69dd-4472-ae63-36b1d132907c,2026-08-06 05:22:37,Dashboard,1189
e9bba54d-69dd-4472-ae63-36b1d132907c,2026-06-19 00:12:37,Integrations,890
e9bba54d-69dd-4472-ae63-36b1d132907c,2026-05-13 09:44:37,Integrations,1606
f602cd5e-d109-4fc2-9896-ebcc00326866,2026-07-28 21:32:37,Dashboard,1256
a6d4c105-bfe0-4801-b207-1e259a99c63c,2026-06-15 09:58:37,Billing,181
a6d4c105-bfe0-4801-b207-1e259a99c63c,2026-06-14 13:26:37,Dashboard,88
a6d4c105-bfe0-4801-b207-1e259a99c63c,2026-06-08 10:30:37,Reports,148
848a19c6-7332-4526-84e3-e8c339d70689,2026-07-06 22:36:37,Integrations,1040
848a19c6-7332-4526-84e3-e8c339d70689,2026-06-04 20:00:37,Integrations,1433
cfaccb50-70dd-42d7-8a3a-b5a9a1a2e5ef,2026-06-13 12:54:37,Billing,836
cfaccb50-70dd-42d7-8a3a-b5a9a1a2e5ef,2026-05-15 11:19:37,Dashboard,109
88f02fdd-fb6f-4cb0-890e-cc93075a680e,2026-05-17 00:46:37,Integrations,1786
9391bffb-ce5e-42eb-96d5-06ade40b040b,2026-07-25 22:09:37,Team Settings,1771
9391bffb-ce5e-42eb-96d5-06ade40b040b,2026-07-11 00:57:37,Integrations,83
9391bffb-ce5e-42eb-96d5-06ade40b040b,2026-06-15 18:48:37,Dashboard,182
9391bffb-ce5e-42eb-96d5-06ade40b040b,2026-08-07 03:20:37,Integrations,975
389a8f24-ff1b-4aaa-838e-4144f0dd764e,2026-06-28 14:38:37,Reports,1336
389a8f24-ff1b-4aaa-838e-4144f0dd764e,2026-07-26 13:38:37,Integrations,548
225276bd-3c75-4eee-a102-449e2a69ee49,2026-07-21 03:51:37,Reports,985
225276bd-3c75-4eee-a102-449e2a69ee49,2026-07-14 01:33:37,Dashboard,467
0770faad-5068-4b61-9438-2a2e3eb0abfb,2026-05-25 00:00:37,Dashboard,1306
7040dbe1-3c64-4132-bc4c-064b5aa37f47,2026-06-03 13:55:37,Team Settings,449
7040dbe1-3c64-4132-bc4c-064b5aa37f47,2026-07-29 19:51:37,Team Settings,1664
7040dbe1-3c64-4132-bc4c-064b5aa37f47,2026-07-01 12:46:37,Export,800
503fa887-dea2-4a19-979c-aa5afb280088,2026-05-19 19:19:37,Integrations,416
94df7f41-6d75-41b1-8f86-8ae152380a9a,2026-07-21 17:06:37,Dashboard,1149
94df7f41-6d75-41b1-8f86-8ae152380a9a,2026-07-01 20:53:37,Reports,295
2168308b-9154-402f-b502-bc2910e31d5f,2026-06-11 17:50:37,Billing,1168
2168308b-9154-402f-b502-bc2910e31d5f,2026-06-25 06:14:37,Team Settings,1575
2168308b-9154-402f-b502-bc2910e31d5f,2026-05-27 23:39:37,Billing,210
a63357ba-caa9-4ddb-a941-03e3fc844a9a,2026-06-24 06:41:37,Team Settings,1207
a63357ba-caa9-4ddb-a941-03e3fc844a9a,2026-07-05 23:25:37,Integrations,1136
118e5e5a-ce31-4940-9d33-b8f1ef2edd91,2026-07-02 09:29:37,Reports,953
ad65b0d8-d706-4572-b96e-272d4566dd87,2026-06-13 13:26:37,Integrations,1608
ad65b0d8-d706-4572-b96e-272d4566dd87,2026-05-15 11:26:37,Team Settings,1313
48acb123-f942-4db4-9796-2a1881d89af3,2026-06-02 12:07:37,Reports,752
e4b26e61-7250-46f5-97fb-3b2fd84f63ef,2026-05-26 03:30:37,Billing,1468
15e3bcb4-f9c8-4169-b9a6-75bd48ca40ea,2026-05-12 15:45:37,Team Settings,35
fc80bef4-4403-4b1a-93a6-05429018dd3a,2026-06-02 07:36:37,Integrations,1054
0401d05c-827f-4063-9512-f86571e18820,2026-05-18 06:06:37,Billing,221
ab00ac94-0403-45ee-8ce7-14ec9de7e991,2026-05-16 15:04:37,Export,18
1b6aeb80-19b1-4e2c-a645-269c6730c5dc,2026-08-04 20:44:37,Billing,656
1b6aeb80-19b1-4e2c-a645-269c6730c5dc,2026-05-30 11:49:37,Integrations,866
643de5bd-3bf0-4bc0-a714-773490483489,2026-05-12 15:15:37,Reports,41
643de5bd-3bf0-4bc0-a714-773490483489,2026-05-30 03:38:37,Reports,223
154e6baf-83d7-401f-bdf3-83b902fb7d7e,2026-07-27 01:12:37,Export,1070
1b869a35-adb9-4b86-9cca-5a9ed578a44c,2026-05-16 21:24:37,Export,70
1b869a35-adb9-4b86-9cca-5a9ed578a44c,2026-08-02 13:56:37,Export,884
7eede3cc-f27e-4252-b12e-d9b6115b9eb8,2026-06-07 05:22:37,Billing,1798
7eede3cc-f27e-4252-b12e-d9b6115b9eb8,2026-05-19 09:48:37,Dashboard,890
fac17453-534c-4d66-b9cb-5e1caeca9e0e,2026-06-03 13:25:37,Reports,776
fac17453-534c-4d66-b9cb-5e1caeca9e0e,2026-06-25 16:41:37,Billing,772
fac17453-534c-4d66-b9cb-5e1caeca9e0e,2026-07-09 16:40:37,Reports,338
fac17453-534c-4d66-b9cb-5e1caeca9e0e,2026-07-23 05:42:37,Integrations,1646
e53524d7-9f87-46df-8fbf-4291df985325,2026-07-02 17:13:37,Integrations,211
b79038fa-2c24-4a31-9514-4460b4d8de5e,2026-06-08 20:20:37,Integrations,1551
b79038fa-2c24-4a31-9514-4460b4d8de5e,2026-08-09 10:46:37,Reports,880
b79038fa-2c24-4a31-9514-4460b4d8de5e,2026-07-25 01:50:37,Dashboard,510
b79038fa-2c24-4a31-9514-4460b4d8de5e,2026-06-27 02:00:37,Dashboard,1724
2be0b323-87cf-4dc8-bfa9-48a28c1e3a7e,2026-05-27 21:22:37,Billing,990
2be0b323-87cf-4dc8-bfa9-48a28c1e3a7e,2026-08-06 02:07:37,Dashboard,941
2be0b323-87cf-4dc8-bfa9-48a28c1e3a7e,2026-06-08 01:50:37,Dashboard,1252
6e02414c-71fa-4def-946d-28340b04879c,2026-07-17 07:33:37,Dashboard,1600
5a5eb952-0a8b-4505-94ea-0b20b11c86e7,2026-07-30 23:08:37,Dashboard,882
5a5eb952-0a8b-4505-94ea-0b20b11c86e7,2026-07-03 07:17:37,Team Settings,515
181b3da0-ecd6-4d0a-add8-be2ca2b3d565,2026-07-20 00:22:37,Billing,232
a3d3fabf-2f31-4b12-8a05-774f311c42b8,2026-06-18 04:12:37,Dashboard,1034
a3d3fabf-2f31-4b12-8a05-774f311c42b8,2026-07-26 10:08:37,Export,335
a3d3fabf-2f31-4b12-8a05-774f311c42b8,2026-05-23 08:31:37,Integrations,96
a3d3fabf-2f31-4b12-8a05-774f311c42b8,2026-06-30 08:43:37,Integrations,1535
c882f4ff-2580-4a91-8159-1695be59e0da,2026-06-06 21:39:37,Reports,1386
29d547a7-5d93-46bc-a07c-470adca87cb5,2026-06-17 01:07:37,Team Settings,202
8202cfe9-9386-4c76-8880-cd8f1865180e,2026-06-13 09:05:37,Reports,1370
ba6eef7b-4c70-4b57-8e4b-2383cce4193c,2026-07-30 03:23:37,Dashboard,1113
ba6eef7b-4c70-4b57-8e4b-2383cce4193c,2026-05-16 00:26:37,Billing,523
ba6eef7b-4c70-4b57-8e4b-2383cce4193c,2026-07-07 12:07:37,Billing,470
41bfd6d1-12c4-4443-a9d5-bf5a20f5e71e,2026-06-18 10:55:37,Team Settings,156
41bfd6d1-12c4-4443-a9d5-bf5a20f5e71e,2026-07-23 07:45:37,Dashboard,1127
41bfd6d1-12c4-4443-a9d5-bf5a20f5e71e,2026-07-18 00:51:37,Export,219
52e432c2-d52c-4667-9471-a72fa6d8864f,2026-06-07 12:18:37,Billing,412
52e432c2-d52c-4667-9471-a72fa6d8864f,2026-07-29 11:50:37,Team Settings,1167
52e432c2-d52c-4667-9471-a72fa6d8864f,2026-06-15 00:45:37,Integrations,1683
622773df-6575-4c4a-a10f-071cea37e060,2026-07-26 05:45:37,Team Settings,910
622773df-6575-4c4a-a10f-071cea37e060,2026-07-25 12:06:37,Dashboard,1443
622773df-6575-4c4a-a10f-071cea37e060,2026-07-18 15:03:37,Dashboard,1631
82f3df40-5cf0-4999-854d-870a89a13ff0,2026-07-12 08:35:37,Integrations,1495
82f3df40-5cf0-4999-854d-870a89a13ff0,2026-07-07 22:39:37,Export,1714
bef9b510-baad-43ab-b311-da43f2c0ed39,2026-06-19 10:57:37,Billing,346
bef9b510-baad-43ab-b311-da43f2c0ed39,2026-06-15 19:38:37,Dashboard,285
14a85366-0955-4f11-8eca-f6de92dc01c5,2026-06-17 02:09:37,Reports,1364
14a85366-0955-4f11-8eca-f6de92dc01c5,2026-07-08 11:42:37,Dashboard,1669
14a85366-0955-4f11-8eca-f6de92dc01c5,2026-06-24 07:07:37,Reports,22
14a85366-0955-4f11-8eca-f6de92dc01c5,2026-07-23 07:54:37,Billing,187
c06bf9fa-bcf6-49d2-bc9f-923086e6d29f,2026-05-27 22:55:37,Export,1624
c06bf9fa-bcf6-49d2-bc9f-923086e6d29f,2026-05-31 15:21:37,Export,1622
2545909b-d493-4975-88d0-02ba96947319,2026-06-04 03:30:37,Integrations,433
2545909b-d493-4975-88d0-02ba96947319,2026-06-10 10:28:37,Reports,780
2545909b-d493-4975-88d0-02ba96947319,2026-06-26 17:14:37,Integrations,470
2545909b-d493-4975-88d0-02ba96947319,2026-05-24 01:07:37,Integrations,278
dfdc423c-cc23-49dd-85ea-7339db56cf5e,2026-08-08 20:22:37,Export,1239
dfdc423c-cc23-49dd-85ea-7339db56cf5e,2026-07-19 08:15:37,Billing,579
dfdc423c-cc23-49dd-85ea-7339db56cf5e,2026-07-26 13:04:37,Team Settings,1614
dfdc423c-cc23-49dd-85ea-7339db56cf5e,2026-06-24 17:19:37,Reports,1457
3cca0860-8c09-400a-ac71-370cf2e6562f,2026-06-02 21:15:37,Billing,615
3cca0860-8c09-400a-ac71-370cf2e6562f,2026-06-20 11:47:37,Billing,1003
3cca0860-8c09-400a-ac71-370cf2e6562f,2026-06-30 10:06:37,Reports,1508
3cca0860-8c09-400a-ac71-370cf2e6562f,2026-06-14 22:04:37,Billing,946
4ae2aef1-fb3a-4b9d-ac9f-803574e6cabd,2026-07-30 22:03:37,Export,439
4ae2aef1-fb3a-4b9d-ac9f-803574e6cabd,2026-07-12 20:08:37,Export,1399
e21ce3d4-09a8-45b0-8e66-530d4c4b3b68,2026-05-21 22:05:37,Dashboard,573
e21ce3d4-09a8-45b0-8e66-530d4c4b3b68,2026-06-02 08:28:37,Billing,853
933563df-14e8-4135-a45a-c418e18a2cc7,2026-05-25 16:53:37,Export,1793
933563df-14e8-4135-a45a-c418e18a2cc7,2026-07-03 02:28:37,Billing,982
933563df-14e8-4135-a45a-c418e18a2cc7,2026-07-28 09:59:37,Export,1524
50faf310-9296-49c2-8296-fcb0b32cc89a,2026-06-10 06:26:37,Reports,567
41090716-9deb-4e2e-9060-abf250008eb5,2026-08-05 11:41:37,Billing,1753
41090716-9deb-4e2e-9060-abf250008eb5,2026-06-18 19:31:37,Team Settings,333
41090716-9deb-4e2e-9060-abf250008eb5,2026-07-02 05:08:37,Reports,1474
14b9a3c4-f82b-4421-842e-0051696a6130,2026-06-27 01:46:37,Export,1761
d97868d5-b956-4886-bf8e-6b41d9dc2161,2026-06-30 07:55:37,Reports,125
04784b2a-a3a0-4179-afd8-1d7ceea07770,2026-06-18 03:40:37,Billing,1057
04784b2a-a3a0-4179-afd8-1d7ceea07770,2026-07-27 05:52:37,Billing,915
04784b2a-a3a0-4179-afd8-1d7ceea07770,2026-06-06 21:11:37,Billing,56
bf24037f-97b9-445a-932e-6840f5ca5aa0,2026-06-23 04:25:37,Dashboard,1521
bf24037f-97b9-445a-932e-6840f5ca5aa0,2026-06-25 06:01:37,Billing,696
bf24037f-97b9-445a-932e-6840f5ca5aa0,2026-07-25 12:47:37,Integrations,1482
931f826c-5cba-4cf5-bd0a-567c8baa226d,2026-07-16 09:12:37,Export,1187
68a0c12d-95d6-4f71-aec8-ace90be90a5a,2026-07-13 00:43:37,Reports,1465
68a0c12d-95d6-4f71-aec8-ace90be90a5a,2026-07-12 02:19:37,Integrations,1596
68a0c12d-95d6-4f71-aec8-ace90be90a5a,2026-05-29 23:42:37,Dashboard,1185
68a0c12d-95d6-4f71-aec8-ace90be90a5a,2026-06-30 17:08:37,Integrations,199
8c9bb1ae-43ff-4480-9321-219c46f33110,2026-06-14 06:34:37,Reports,917
8c9bb1ae-43ff-4480-9321-219c46f33110,2026-07-02 19:51:37,Billing,46
8c9bb1ae-43ff-4480-9321-219c46f33110,2026-07-13 06:28:37,Team Settings,507
8c9bb1ae-43ff-4480-9321-219c46f33110,2026-05-19 20:34:37,Billing,1217
19b5e8a0-3798-425b-bb07-0d8e79708bb2,2026-06-23 13:47:37,Integrations,1646
54d95fe0-9679-44a2-873c-63745e2207b8,2026-07-04 01:19:37,Export,996
54d95fe0-9679-44a2-873c-63745e2207b8,2026-06-13 09:46:37,Export,793
54d95fe0-9679-44a2-873c-63745e2207b8,2026-06-13 02:11:37,Integrations,373
54d95fe0-9679-44a2-873c-63745e2207b8,2026-05-26 18:14:37,Team Settings,342
d42a6dd7-f31d-4338-bbed-63f621ac4e3d,2026-06-16 07:30:37,Team Settings,1799
d42a6dd7-f31d-4338-bbed-63f621ac4e3d,2026-07-14 11:49:37,Dashboard,206
0cd136c8-dfba-4275-9414-c4aad7534e0b,2026-06-25 09:22:37,Team Settings,1054
b3a28d24-7520-465a-9ea1-5d632e4b8ede,2026-07-04 11:27:37,Integrations,769
b3a28d24-7520-465a-9ea1-5d632e4b8ede,2026-07-21 06:17:37,Integrations,1026
b3a28d24-7520-465a-9ea1-5d632e4b8ede,2026-07-27 22:31:37,Integrations,444
f59dcd19-56e1-4e1f-8bf2-8b5be1be5019,2026-06-22 21:55:37,Billing,1247
013e6438-c04e-4b53-ad83-7dcbf19b3d75,2026-05-31 15:32:37,Billing,1574
013e6438-c04e-4b53-ad83-7dcbf19b3d75,2026-07-31 14:04:37,Billing,1742
013e6438-c04e-4b53-ad83-7dcbf19b3d75,2026-07-27 22:07:37,Integrations,1329
013e6438-c04e-4b53-ad83-7dcbf19b3d75,2026-07-01 05:28:37,Export,1745
6332f1ae-18c6-4031-aad5-ef8d6212281e,2026-07-21 20:48:37,Billing,470
6332f1ae-18c6-4031-aad5-ef8d6212281e,2026-06-21 09:39:37,Export,419
70935943-baae-4eab-93df-867534b04574,2026-06-14 22:24:37,Billing,491
70935943-baae-4eab-93df-867534b04574,2026-07-19 11:20:37,Reports,1718
70935943-baae-4eab-93df-867534b04574,2026-06-24 10:46:37,Dashboard,786
70935943-baae-4eab-93df-867534b04574,2026-07-13 23:06:37,Team Settings,1398
9b02d5d7-5add-455b-9a7e-5ac73eaf5ab8,2026-06-02 17:58:37,Reports,1124
9b02d5d7-5add-455b-9a7e-5ac73eaf5ab8,2026-07-20 07:08:37,Reports,1435
9b02d5d7-5add-455b-9a7e-5ac73eaf5ab8,2026-07-19 00:58:37,Export,1042
1d52ec1a-6b20-4e03-9044-19b0bab1ea0d,2026-05-13 14:00:37,Reports,1363
f35b6e94-e65b-41f3-950b-d8e576ba15ad,2026-07-02 00:14:37,Integrations,289
f35b6e94-e65b-41f3-950b-d8e576ba15ad,2026-06-10 10:10:37,Dashboard,290
f35b6e94-e65b-41f3-950b-d8e576ba15ad,2026-07-07 00:30:37,Export,426
f35b6e94-e65b-41f3-950b-d8e576ba15ad,2026-06-02 13:59:37,Integrations,1721
7b4d57a7-1d5b-4a80-b11f-a2abf2606aa1,2026-05-17 19:02:37,Billing,1175
44051812-c502-49f8-be5a-9c63619d504d,2026-06-25 18:21:37,Integrations,351
5ba727ac-1203-4add-8f0c-5469f8f040b3,2026-05-24 08:12:37,Export,1063
5ba727ac-1203-4add-8f0c-5469f8f040b3,2026-07-24 00:58:37,Dashboard,377
5ba727ac-1203-4add-8f0c-5469f8f040b3,2026-06-06 09:48:37,Integrations,485
5ba727ac-1203-4add-8f0c-5469f8f040b3,2026-06-16 06:56:37,Export,944
8e8639af-fccc-4acc-8e61-b75d447327e9,2026-07-12 04:37:37,Billing,1314
8e8639af-fccc-4acc-8e61-b75d447327e9,2026-06-28 14:48:37,Reports,704
8e8639af-fccc-4acc-8e61-b75d447327e9,2026-06-25 06:51:37,Dashboard,61
8e8639af-fccc-4acc-8e61-b75d447327e9,2026-05-23 10:42:37,Dashboard,342
2e5c1842-a6fa-4c6c-bfe5-5b2a89c8aed8,2026-05-18 01:30:37,Export,193
2e5c1842-a6fa-4c6c-bfe5-5b2a89c8aed8,2026-07-15 19:11:37,Billing,1147
e13e7d7f-6712-4182-8906-e51b99a0f5c3,2026-07-13 00:44:37,Export,1145
e13e7d7f-6712-4182-8906-e51b99a0f5c3,2026-06-10 14:11:37,Reports,797
4360bf44-7eab-437f-bb0b-2f6878cdd302,2026-06-12 20:59:37,Team Settings,1713
4360bf44-7eab-437f-bb0b-2f6878cdd302,2026-07-17 02:32:37,Billing,1540
4360bf44-7eab-437f-bb0b-2f6878cdd302,2026-06-07 02:41:37,Export,640
4360bf44-7eab-437f-bb0b-2f6878cdd302,2026-06-22 08:35:37,Dashboard,459
d62a10db-1ae3-4111-88b9-327ea2b68f79,2026-06-24 19:17:37,Billing,1041
d62a10db-1ae3-4111-88b9-327ea2b68f79,2026-06-10 09:10:37,Export,1647
d62a10db-1ae3-4111-88b9-327ea2b68f79,2026-05-12 22:24:37,Reports,342
753bc92d-b4bb-4f74-a876-adec3d8dc250,2026-06-08 09:51:37,Export,846
753bc92d-b4bb-4f74-a876-adec3d8dc250,2026-07-21 17:01:37,Reports,885
e3a6cf3a-b389-47f8-92f9-c96ebc91f900,2026-06-11 17:36:37,Reports,1353
7656b46d-839a-446c-8545-996ad94a3368,2026-06-26 14:58:37,Dashboard,555
d167ccc1-c479-44e2-a61e-50a1e023330e,2026-06-27 13:42:37,Team Settings,592
d167ccc1-c479-44e2-a61e-50a1e023330e,2026-06-23 15:12:37,Reports,661
44af8e37-79e2-4f82-be42-3552f8fb265c,2026-08-11 00:33:37,Reports,1145
44af8e37-79e2-4f82-be42-3552f8fb265c,2026-06-01 14:13:37,Export,271
44af8e37-79e2-4f82-be42-3552f8fb265c,2026-05-14 04:31:37,Export,1781
caf4827b-c1a9-4591-b316-8bc36059269b,2026-06-12 19:56:37,Export,1476
caf4827b-c1a9-4591-b316-8bc36059269b,2026-06-17 02:55:37,Dashboard,334
caf4827b-c1a9-4591-b316-8bc36059269b,2026-06-20 04:17:37,Reports,665
a3c2d987-8317-4b71-85cf-ffcf695667eb,2026-05-20 20:25:37,Billing,319
454d4791-0778-4060-900b-8e00d737f05a,2026-05-30 03:39:37,Team Settings,1215
9efe8116-728f-489a-9552-ff7426ca6431,2026-07-17 19:08:37,Integrations,1010
9efe8116-728f-489a-9552-ff7426ca6431,2026-07-30 08:50:37,Reports,924
9efe8116-728f-489a-9552-ff7426ca6431,2026-08-06 13:13:37,Dashboard,1116
9efe8116-728f-489a-9552-ff7426ca6431,2026-06-17 02:55:37,Billing,1306
9ad9c1d0-7374-47f8-9280-3130cc7b32bb,2026-07-12 15:38:37,Export,725
9ad9c1d0-7374-47f8-9280-3130cc7b32bb,2026-06-25 06:19:37,Dashboard,1332
9ad9c1d0-7374-47f8-9280-3130cc7b32bb,2026-07-21 11:30:37,Reports,532
9ad9c1d0-7374-47f8-9280-3130cc7b32bb,2026-06-01 09:58:37,Dashboard,137
5f045765-69ad-40e7-9fd3-28afe2c6cf4e,2026-08-05 03:34:37,Reports,187
5f045765-69ad-40e7-9fd3-28afe2c6cf4e,2026-07-10 00:56:37,Dashboard,553
5f045765-69ad-40e7-9fd3-28afe2c6cf4e,2026-06-10 04:33:37,Dashboard,629
5f045765-69ad-40e7-9fd3-28afe2c6cf4e,2026-06-13 02:26:37,Reports,1629
d4b5096b-14ba-4028-8d30-162c71f7dffb,2026-07-28 01:54:37,Dashboard,249
d4b5096b-14ba-4028-8d30-162c71f7dffb,2026-06-29 10:43:37,Team Settings,1442
d4b5096b-14ba-4028-8d30-162c71f7dffb,2026-06-10 09:35:37,Reports,733
fecd0a4b-6570-4f50-a86a-e399376c4219,2026-06-22 20:08:37,Integrations,818
fecd0a4b-6570-4f50-a86a-e399376c4219,2026-07-14 00:23:37,Dashboard,1282
36f95465-6306-46ae-b279-2b71113b1934,2026-06-15 12:22:37,Integrations,1589
36f95465-6306-46ae-b279-2b71113b1934,2026-06-04 18:32:37,Reports,1710
36f95465-6306-46ae-b279-2b71113b1934,2026-06-19 20:36:37,Export,115
36f95465-6306-46ae-b279-2b71113b1934,2026-06-01 03:20:37,Integrations,516
4c9c9344-e43c-469c-880d-1fa965bd48cb,2026-06-07 06:44:37,Export,770
4c9c9344-e43c-469c-880d-1fa965bd48cb,2026-06-17 09:49:37,Billing,1299
4c9c9344-e43c-469c-880d-1fa965bd48cb,2026-06-09 13:39:37,Reports,977
4c9c9344-e43c-469c-880d-1fa965bd48cb,2026-07-26 00:22:37,Export,1316
fd1f9e8a-a263-42c4-8f96-835e30e0dd73,2026-07-23 13:24:37,Export,20
1148cd8b-4dee-4dae-8efd-7e1f0d519360,2026-08-08 21:21:37,Export,680
1148cd8b-4dee-4dae-8efd-7e1f0d519360,2026-06-05 14:35:37,Billing,154
b24854f9-cba8-4ffc-a9e9-12647c0b2090,2026-08-04 12:44:37,Billing,103
dcfb665c-841b-4134-8293-2772b5b45fb0,2026-07-02 16:05:37,Reports,251
dcfb665c-841b-4134-8293-2772b5b45fb0,2026-07-30 10:08:37,Dashboard,627
367d78e0-015a-4c33-9c86-c2c6cfc5408f,2026-05-13 04:10:37,Team Settings,1318
367d78e0-015a-4c33-9c86-c2c6cfc5408f,2026-06-07 10:23:37,Dashboard,256
7f4ab3b9-c0ed-4994-9a99-9f1a3fcdc288,2026-06-13 00:18:37,Team Settings,799
7f4ab3b9-c0ed-4994-9a99-9f1a3fcdc288,2026-07-28 19:50:37,Reports,793
7f4ab3b9-c0ed-4994-9a99-9f1a3fcdc288,2026-07-16 23:19:37,Export,1473
7f4ab3b9-c0ed-4994-9a99-9f1a3fcdc288,2026-06-23 21:16:37,Integrations,585
df5805bd-b53e-45d5-ad2e-3d4c52b2dea0,2026-08-05 13:21:37,Billing,430
df5805bd-b53e-45d5-ad2e-3d4c52b2dea0,2026-07-22 19:25:37,Integrations,580
df5805bd-b53e-45d5-ad2e-3d4c52b2dea0,2026-06-26 05:11:37,Integrations,365
df5805bd-b53e-45d5-ad2e-3d4c52b2dea0,2026-06-18 05:32:37,Reports,266
4170c9d8-86f3-4522-95b0-2e5aac756ae9,2026-08-08 20:44:37,Dashboard,1272
4170c9d8-86f3-4522-95b0-2e5aac756ae9,2026-06-15 11:51:37,Billing,1215
4170c9d8-86f3-4522-95b0-2e5aac756ae9,2026-06-15 11:01:37,Dashboard,224
4170c9d8-86f3-4522-95b0-2e5aac756ae9,2026-07-28 21:30:37,Integrations,1481
54f61f27-9c62-41a0-8bca-3f1cf65969e9,2026-06-26 04:58:37,Team Settings,196
54f61f27-9c62-41a0-8bca-3f1cf65969e9,2026-08-09 09:40:37,Integrations,470
54f61f27-9c62-41a0-8bca-3f1cf65969e9,2026-05-22 06:57:37,Dashboard,1147
8ee4b203-00ee-4018-940c-04f5b81d54df,2026-05-25 17:45:37,Reports,608
0b7cede2-b412-4ac7-8f21-01b27ae2cdd9,2026-06-16 01:12:37,Reports,655
0b7cede2-b412-4ac7-8f21-01b27ae2cdd9,2026-08-04 15:02:37,Dashboard,1127
0b7cede2-b412-4ac7-8f21-01b27ae2cdd9,2026-05-18 20:30:37,Integrations,134
b977af3e-e479-4617-ac0b-88187eaf548a,2026-08-02 15:05:37,Reports,1218
b977af3e-e479-4617-ac0b-88187eaf548a,2026-07-06 12:18:37,Billing,397
b977af3e-e479-4617-ac0b-88187eaf548a,2026-05-29 20:48:37,Billing,949
c7ea3a8c-92a7-48ce-9084-191367467a7e,2026-07-01 00:14:37,Billing,1322
c7ea3a8c-92a7-48ce-9084-191367467a7e,2026-05-20 17:44:37,Dashboard,1655
c7ea3a8c-92a7-48ce-9084-191367467a7e,2026-06-05 18:28:37,Reports,770
c7ea3a8c-92a7-48ce-9084-191367467a7e,2026-07-27 23:17:37,Integrations,611
86172569-9107-4abb-90b7-5a22d94f91d9,2026-06-25 02:23:37,Integrations,575
86172569-9107-4abb-90b7-5a22d94f91d9,2026-05-26 13:52:37,Reports,904
fcf76ccc-2c92-4449-9f29-0a62528d82be,2026-07-09 13:58:37,Reports,291
fcf76ccc-2c92-4449-9f29-0a62528d82be,2026-06-01 13:41:37,Integrations,46
fcf76ccc-2c92-4449-9f29-0a62528d82be,2026-08-01 00:54:37,Export,374
204b2736-4e6c-47b2-b8e9-d90fc4f1f6d4,2026-07-08 11:10:37,Reports,832
204b2736-4e6c-47b2-b8e9-d90fc4f1f6d4,2026-06-13 04:04:37,Export,211
7e307aae-8046-4514-a182-50ca4ea696c5,2026-05-19 06:38:37,Team Settings,1329
7e307aae-8046-4514-a182-50ca4ea696c5,2026-05-19 17:06:37,Team Settings,103
ff8c6fe5-278b-4f15-8dea-50545e3c3c39,2026-06-21 21:06:37,Team Settings,415
4ca2e81b-1151-4321-afec-cf037cd4614d,2026-05-17 11:14:37,Export,1346
4ca2e81b-1151-4321-afec-cf037cd4614d,2026-07-05 21:07:37,Integrations,833
0214ab85-681c-4f7d-af0d-c9aa66760379,2026-06-22 03:25:37,Reports,1064
0214ab85-681c-4f7d-af0d-c9aa66760379,2026-06-28 16:20:37,Dashboard,1733
0214ab85-681c-4f7d-af0d-c9aa66760379,2026-08-01 02:06:37,Export,170
0214ab85-681c-4f7d-af0d-c9aa66760379,2026-06-01 03:56:37,Billing,1615
48b52f15-ea24-45d4-9ca7-01b6f1c87d89,2026-06-13 18:28:37,Billing,1246
48b52f15-ea24-45d4-9ca7-01b6f1c87d89,2026-06-25 03:55:37,Integrations,1386
3bb8ca52-7c9e-4c45-9b8d-5531daed289e,2026-07-21 07:40:37,Integrations,1100
821d666c-58b5-4ce7-809b-ac8b345e97d2,2026-06-10 22:54:37,Dashboard,1089
832b2b52-6547-4a21-8ba1-5938836896c2,2026-07-23 11:14:37,Reports,1751
500c85a7-86d8-4eba-9025-43f086315413,2026-07-06 00:44:37,Billing,436
500c85a7-86d8-4eba-9025-43f086315413,2026-06-22 09:22:37,Reports,793
a7be8913-abe2-421b-ab59-c10350b3c9ce,2026-08-09 18:54:37,Export,783
a7be8913-abe2-421b-ab59-c10350b3c9ce,2026-08-11 06:35:37,Team Settings,533
a7be8913-abe2-421b-ab59-c10350b3c9ce,2026-07-12 09:12:37,Dashboard,961
244ac984-22e6-4094-be76-7276ee4e9b03,2026-05-28 12:17:37,Dashboard,519
244ac984-22e6-4094-be76-7276ee4e9b03,2026-06-15 00:36:37,Dashboard,777
244ac984-22e6-4094-be76-7276ee4e9b03,2026-05-30 07:53:37,Dashboard,1580
aa61443f-9534-41d7-b196-c491d7f48575,2026-08-08 13:04:37,Integrations,1673
aa61443f-9534-41d7-b196-c491d7f48575,2026-05-13 18:14:37,Reports,1679
aa61443f-9534-41d7-b196-c491d7f48575,2026-06-21 04:52:37,Integrations,962
aa61443f-9534-41d7-b196-c491d7f48575,2026-07-07 22:24:37,Reports,406
125b4bdd-74aa-496f-86f5-8ad62f3cfedb,2026-05-18 13:28:37,Integrations,903
125b4bdd-74aa-496f-86f5-8ad62f3cfedb,2026-07-18 00:13:37,Export,682
125b4bdd-74aa-496f-86f5-8ad62f3cfedb,2026-08-04 17:26:37,Integrations,224
125b4bdd-74aa-496f-86f5-8ad62f3cfedb,2026-08-06 23:33:37,Export,1537
99698678-9b95-4150-b797-beb3d168f033,2026-05-19 00:50:37,Team Settings,1608
99698678-9b95-4150-b797-beb3d168f033,2026-06-04 19:21:37,Team Settings,971
14ba4085-3c92-45a8-8a4a-1e92ad2c16f9,2026-07-02 06:05:37,Integrations,373
14ba4085-3c92-45a8-8a4a-1e92ad2c16f9,2026-07-28 02:02:37,Export,1402
14ba4085-3c92-45a8-8a4a-1e92ad2c16f9,2026-05-13 05:36:37,Reports,443
14ba4085-3c92-45a8-8a4a-1e92ad2c16f9,2026-06-08 12:28:37,Reports,697
e96a63db-ca8f-4bd1-b425-e648b2b8c1ac,2026-06-11 08:09:37,Reports,1681
e96a63db-ca8f-4bd1-b425-e648b2b8c1ac,2026-08-04 04:21:37,Dashboard,152
e96a63db-ca8f-4bd1-b425-e648b2b8c1ac,2026-06-15 09:48:37,Team Settings,1537
1382dd85-2857-49f4-93ea-2c8c19788d97,2026-06-08 07:23:37,Reports,1755
1382dd85-2857-49f4-93ea-2c8c19788d97,2026-07-25 08:12:37,Team Settings,502
1382dd85-2857-49f4-93ea-2c8c19788d97,2026-06-29 00:09:37,Team Settings,866
89f00b73-80a6-4d69-bb40-808d1f740cad,2026-08-03 12:53:37,Integrations,34
89f00b73-80a6-4d69-bb40-808d1f740cad,2026-07-01 08:11:37,Team Settings,429
89f00b73-80a6-4d69-bb40-808d1f740cad,2026-07-13 23:49:37,Dashboard,207
5cff158e-2f99-4f05-9ca0-d1c337ed5b24,2026-06-09 11:18:37,Billing,1729
5cff158e-2f99-4f05-9ca0-d1c337ed5b24,2026-07-29 15:25:37,Integrations,661
5cff158e-2f99-4f05-9ca0-d1c337ed5b24,2026-08-09 21:09:37,Billing,853
55060136-af1c-4f75-9d76-6cc09e776c1a,2026-08-02 18:15:37,Integrations,784
55060136-af1c-4f75-9d76-6cc09e776c1a,2026-07-28 18:43:37,Team Settings,1363
55060136-af1c-4f75-9d76-6cc09e776c1a,2026-07-28 18:03:37,Team Settings,1654
55060136-af1c-4f75-9d76-6cc09e776c1a,2026-06-07 14:48:37,Dashboard,1513
b124eb5f-98a0-4a73-a6c7-3236c6e05dcf,2026-06-12 00:47:37,Integrations,877
b124eb5f-98a0-4a73-a6c7-3236c6e05dcf,2026-05-17 14:32:37,Export,20
b124eb5f-98a0-4a73-a6c7-3236c6e05dcf,2026-06-12 02:27:37,Integrations,974
b124eb5f-98a0-4a73-a6c7-3236c6e05dcf,2026-06-24 06:31:37,Export,1574
3e3a8fa9-1348-4570-9953-8d597c117a86,2026-05-25 08:28:37,Billing,1127
3e3a8fa9-1348-4570-9953-8d597c117a86,2026-07-11 15:24:37,Integrations,1651
3e3a8fa9-1348-4570-9953-8d597c117a86,2026-05-19 09:22:37,Team Settings,1146
3e3a8fa9-1348-4570-9953-8d597c117a86,2026-05-21 10:12:37,Reports,1291
df6e3b15-c777-4cbc-a640-12e0bb99d972,2026-07-03 12:52:37,Integrations,107
df6e3b15-c777-4cbc-a640-12e0bb99d972,2026-05-13 00:07:37,Dashboard,317
df6e3b15-c777-4cbc-a640-12e0bb99d972,2026-06-30 10:53:37,Export,137
ca3c77fc-e252-4ea9-86b1-ef77b0a903ee,2026-08-07 13:39:37,Billing,502
b6eda50f-ea49-4699-805e-aaf515486bc6,2026-07-13 10:04:37,Export,1097
b6eda50f-ea49-4699-805e-aaf515486bc6,2026-05-25 23:10:37,Integrations,305
b6eda50f-ea49-4699-805e-aaf515486bc6,2026-07-30 02:21:37,Integrations,804
8b872c28-feb1-469e-a4ff-98f567b286ac,2026-07-22 19:38:37,Integrations,1600
8b872c28-feb1-469e-a4ff-98f567b286ac,2026-07-05 22:48:37,Integrations,569
819b5f88-ca09-41f9-8312-10d2fc735962,2026-08-05 06:39:37,Dashboard,828
819b5f88-ca09-41f9-8312-10d2fc735962,2026-06-01 11:50:37,Export,146
819b5f88-ca09-41f9-8312-10d2fc735962,2026-06-30 23:45:37,Reports,792
6469324d-e210-4093-a457-030afe16135a,2026-07-03 16:05:37,Dashboard,1203
ac53d453-659d-4761-8a73-8fea7075e7c4,2026-06-08 05:18:37,Dashboard,458
ac53d453-659d-4761-8a73-8fea7075e7c4,2026-07-23 00:35:37,Dashboard,126
ac53d453-659d-4761-8a73-8fea7075e7c4,2026-07-09 05:52:37,Reports,1598
7f879793-f1ee-448d-9e8f-c8367c11450c,2026-05-21 16:56:37,Billing,1722
7f879793-f1ee-448d-9e8f-c8367c11450c,2026-07-26 04:29:37,Export,1414
7f879793-f1ee-448d-9e8f-c8367c11450c,2026-06-21 12:40:37,Export,1175
d5fc6b5b-4775-447a-b49b-721d107c2581,2026-07-07 01:11:37,Integrations,390
d5fc6b5b-4775-447a-b49b-721d107c2581,2026-07-24 13:54:37,Billing,326
d5fc6b5b-4775-447a-b49b-721d107c2581,2026-07-10 11:05:37,Dashboard,1393
3f17364b-591b-43cd-864e-5875b1c096f6,2026-07-03 09:30:37,Billing,216
52c4ada2-1767-4de0-b3f4-4e091202f9ea,2026-05-16 18:58:37,Integrations,341
52c4ada2-1767-4de0-b3f4-4e091202f9ea,2026-06-16 06:44:37,Billing,838
95bf7f0d-0cf4-4b2d-a68d-dc59760ce447,2026-07-22 03:45:37,Dashboard,202
fa0833c0-cb3c-4d4a-b708-bfbe9ccc51b4,2026-08-01 05:34:37,Team Settings,1374
fa0833c0-cb3c-4d4a-b708-bfbe9ccc51b4,2026-08-04 20:09:37,Team Settings,254
fa0833c0-cb3c-4d4a-b708-bfbe9ccc51b4,2026-08-07 21:28:37,Reports,510
c005de62-773d-49c6-9381-82420e015505,2026-06-16 11:27:37,Team Settings,1103
c005de62-773d-49c6-9381-82420e015505,2026-06-25 10:55:37,Reports,803
c005de62-773d-49c6-9381-82420e015505,2026-08-03 00:23:37,Billing,612
c005de62-773d-49c6-9381-82420e015505,2026-07-27 03:22:37,Billing,925
b00461b7-cae5-4eee-8431-270057024493,2026-07-17 12:59:37,Team Settings,636
b00461b7-cae5-4eee-8431-270057024493,2026-06-23 13:51:37,Dashboard,258
8987389f-5238-4d53-8c26-0d4c6992a175,2026-08-02 15:21:37,Team Settings,540
8987389f-5238-4d53-8c26-0d4c6992a175,2026-06-09 01:24:37,Dashboard,489
8987389f-5238-4d53-8c26-0d4c6992a175,2026-06-07 11:00:37,Export,335
b4c2904b-e80c-40e8-a3cf-9b03d2f00e4a,2026-06-17 03:49:37,Team Settings,798
b4c2904b-e80c-40e8-a3cf-9b03d2f00e4a,2026-06-28 21:08:37,Dashboard,1155
b4c2904b-e80c-40e8-a3cf-9b03d2f00e4a,2026-05-21 10:02:37,Dashboard,818
b4c2904b-e80c-40e8-a3cf-9b03d2f00e4a,2026-05-19 05:30:37,Team Settings,1069
c8190a49-1ef9-4bd7-87c0-44d2504fbfa8,2026-07-05 23:21:37,Team Settings,604
ef96e574-d80d-4c17-b38b-3c5f72b9e5c6,2026-06-10 14:10:37,Reports,369
ef96e574-d80d-4c17-b38b-3c5f72b9e5c6,2026-07-09 13:17:37,Dashboard,861
ef96e574-d80d-4c17-b38b-3c5f72b9e5c6,2026-05-13 09:32:37,Integrations,1693
ef96e574-d80d-4c17-b38b-3c5f72b9e5c6,2026-06-08 21:53:37,Reports,889
0ab745b1-c477-4a6c-a43f-040c3f0e2bc6,2026-06-19 10:37:37,Export,1653
0ab745b1-c477-4a6c-a43f-040c3f0e2bc6,2026-05-15 10:44:37,Dashboard,1319
0ab745b1-c477-4a6c-a43f-040c3f0e2bc6,2026-07-14 00:25:37,Reports,864
8cc545e2-26ef-4d69-a652-53397e23189d,2026-05-29 11:53:37,Export,945
8cc545e2-26ef-4d69-a652-53397e23189d,2026-05-21 20:26:37,Team Settings,235
545a2b58-507b-4895-9058-ab77bbdbe67a,2026-08-03 00:16:37,Dashboard,1209
a8159099-fe07-4b66-a980-db126a5906f3,2026-06-19 12:27:37,Integrations,871
a8159099-fe07-4b66-a980-db126a5906f3,2026-05-23 04:34:37,Export,1225
a8159099-fe07-4b66-a980-db126a5906f3,2026-06-07 16:22:37,Billing,527
6a541d63-12b2-4288-96c1-c943458cb903,2026-07-01 18:03:37,Team Settings,91
6a541d63-12b2-4288-96c1-c943458cb903,2026-06-08 15:17:37,Reports,1369
6a541d63-12b2-4288-96c1-c943458cb903,2026-08-05 04:46:37,Billing,625
b07a3760-1e8b-4df6-8121-f361497b9610,2026-07-11 18:00:37,Billing,919
80f2a438-189b-4e9a-9f00-5c4e688acc57,2026-06-19 16:45:37,Dashboard,1514
80f2a438-189b-4e9a-9f00-5c4e688acc57,2026-08-03 04:07:37,Reports,1426
80f2a438-189b-4e9a-9f00-5c4e688acc57,2026-07-30 21:40:37,Integrations,1694
80f2a438-189b-4e9a-9f00-5c4e688acc57,2026-07-03 22:45:37,Reports,1148
93ef13dd-94a8-4a30-83f6-2560a0bbd895,2026-05-19 20:35:37,Dashboard,104
93ef13dd-94a8-4a30-83f6-2560a0bbd895,2026-07-31 18:29:37,Dashboard,1778
1e620e08-a235-40f4-8243-eb1033cb53bf,2026-05-22 10:32:37,Billing,927
1e620e08-a235-40f4-8243-eb1033cb53bf,2026-07-13 01:38:37,Team Settings,386
1e620e08-a235-40f4-8243-eb1033cb53bf,2026-07-21 19:04:37,Billing,1569
c88d1d7f-8316-4eae-82db-de764fca8d6f,2026-05-26 11:08:37,Team Settings,1576
22a53db1-bcbe-4265-a0e0-de8b2be68249,2026-08-03 03:30:37,Billing,1391
22a53db1-bcbe-4265-a0e0-de8b2be68249,2026-07-06 16:34:37,Export,1671
22a53db1-bcbe-4265-a0e0-de8b2be68249,2026-07-29 16:28:37,Team Settings,487
22a53db1-bcbe-4265-a0e0-de8b2be68249,2026-05-23 23:49:37,Dashboard,925
12d9c69d-5244-44bb-8ecb-87fa26c3f743,2026-05-22 10:26:37,Billing,1037
12d9c69d-5244-44bb-8ecb-87fa26c3f743,2026-07-12 15:04:37,Reports,626
12d9c69d-5244-44bb-8ecb-87fa26c3f743,2026-07-15 10:09:37,Billing,1164
3d4ea4c5-4ee2-4a9e-ab53-7dab63f8cc87,2026-05-29 21:57:37,Export,790
3d4ea4c5-4ee2-4a9e-ab53-7dab63f8cc87,2026-08-01 09:13:37,Dashboard,1221
3d4ea4c5-4ee2-4a9e-ab53-7dab63f8cc87,2026-06-02 11:25:37,Export,1591
1fae1d6a-a647-4168-8123-a247444553ca,2026-06-09 03:22:37,Export,1142
1fae1d6a-a647-4168-8123-a247444553ca,2026-05-27 03:18:37,Dashboard,976
695477b1-bbc1-427c-adc2-0409e679ffaf,2026-06-30 18:00:37,Dashboard,1438
2bcf2c79-fb74-4813-818e-693b3a8594cb,2026-07-04 12:05:37,Reports,1318
2bcf2c79-fb74-4813-818e-693b3a8594cb,2026-06-15 10:10:37,Export,1747
7ba156a9-0478-4c8c-8a72-25d96f329d16,2026-07-05 16:18:37,Integrations,391
25bea0d8-834c-4b6c-8fb8-f6b66d2e441a,2026-07-02 21:28:37,Dashboard,211
124e345e-9406-4347-8e3e-27f352a4af95,2026-06-27 10:37:37,Integrations,315
124e345e-9406-4347-8e3e-27f352a4af95,2026-07-19 20:03:37,Billing,254
